Brand,ScreenSize,Ram,HardDisk,Price
ROKC,14,8,1000,589.99
HP,15.6,64,1000,999.99
MSI,15.66,32,1000,1599
Apple,13.3,8,256,689.99
Apple,15.3,8,256,1144.48
Acer,15.6,8,128,299.99
Apple,13.3,8,256,965.08
Acer,15.6,4,64,239.99
ASUS,16,16,512,1274.03
acer,15.6,8,128,299.99
acer,15.6,16,512,814.77
HP,14,16,1000,379.99
ROKC,15.6,20,1152,389.99
HP,15.6,16,1000,459.99
ROKC,15.6,20,1000,639.99
acer,17.3,16,1000,1199.99
HP,15.6,16,1000,473
ASUS,15.6,8,512,699.99
MSI,15.6,16,512,938
Lenovo,15.6,20,256,419
Lenovo,15.6,8,256,801.96
ASUS,16,16,1000,1799.99
HP,14,4,64,249
HP,17.3,32,1000,510
HP,15.6,16,512,527.15
ASUS,16,32,1000,2199
MSI,15.6,32,1000,1699
DELL,16,32,1000,899.99
ROKC,14,8,1000,589.99
HP,15.6,64,1000,999.99
MSI,15.66,32,1000,1599
Lenovo,14,20,1000,359
HP,14,4,64,209.99
Lenovo,15.6,8,512,637.35
Dell,15.6,16,1000,439
acer,14,8,128,372.66
MSI,15.6,16,1000,1429
Lenovo,14,8,128,281.69
ASUS,15.6,4,64,236.47
HP,15,8,256,337.96
ROKC,15.6,20,1152,389.99
HP,15.6,16,1000,459.99
ROKC,15.6,20,1000,639.99
ASUS,13.3,32,1000,1399.99
ASUS,15.6,16,1000,1044.77
Lenovo,15.6,8,64,294.29
acer,15.6,4,64,224
ASUS,14,4,128,225.82
Lenovo,14,16,256,539.99
acer,15.6,4,128,229.99
ASUS,13.4,16,1000,1749.99
HP,15.6,16,1000,465
MSI,15.6,32,1000,1699
DELL,16,32,1000,899.99
ROKC,14,8,1000,589.99
HP,15.6,64,1000,999.99
MSI,15.66,32,1000,1599
LG,17,32,2000,1734.71
Microsoft,15,16,512,1084.66
ASUS,15.6,16,512,1150.99
ASUS,15.6,16,1000,1149
HP,14,4,64,199.99
acer,14,8,128,426.64
ROKC,15.6,20,1152,389.99
HP,15.6,16,1000,459.99
ROKC,15.6,20,1000,639.99
ASUS,17.3,8,512,783.95
Lenovo,13.3,8,128,479
HP,15.6,16,1000,553
Dell,14,16,512,399
HP,11.6,4,1000,271.99
MSI,15.6,32,1000,1699
DELL,16,32,1000,899.99
ROKC,14,8,1000,589.99
HP,15.6,64,1000,999.99
MSI,15.66,32,1000,1599
acer,14,16,512,762.19
ASUS,15.6,16,1000,989.99
Apple,16.2,32,512,1899
acer,15.6,8,256,488.94
Apple,13.6,16,512,1459.94
HP,14,16,64,389.99
SAMSUNG,15.6,16,16,1099.99
ASUS,15.6,32,1000,1299
ROKC,15.6,20,1152,389.99
HP,15.6,16,1000,459.99
ROKC,15.6,20,1000,639.99
SAMSUNG,14,16,1000,1199
Apple,13,16,256,1457.99
HP,15.6,16,1000,469
Gigabyte,15.6,8,512,879.99
ASUS,15.6,16,1000,749.99
acer,11.6,4,64,226
MSI,15.6,32,1000,1699
DELL,16,32,1000,899.99
ROKC,14,8,1000,589.99
HP,15.6,64,1000,999.99
MSI,15.66,32,1000,1599
ASUS,11.6,4,32,184.62
Lenovo,15.6,8,256,429
MSI,15.6,16,512,729.99
Apple,13.6,16,256,1255.94
HP,14,16,256,1000
ROKC,15.6,20,1152,389.99
HP,15.6,16,1000,459.99
ROKC,15.6,20,1000,639.99
SAMSUNG,15.6,4,64,205
HP,14,8,128,265.99
acer,15.6,4,128,367.29
ASUS,15.6,8,128,379
acer,16,16,1000,1649.99
ASUS,16,16,1000,1589.99
ASUS,15.6,32,1000,1399.99
Dell,13.4,16,512,1229.99
Dell,15.6,16,512,1129.99
ROKC,14,8,1000,589.99
HP,15.6,64,1000,999.99
MSI,15.66,32,1000,1599
ROKC,14,8,1000,589.99
HP,15.6,64,1000,999.99
MSI,15.66,32,1000,1599
ASUS,14,8,256,479.99
MSI,15.6,32,1000,1699
ASUS,16,32,1000,1699.99
ASUS,16,16,1000,1484.99
Dell,14,16,512,1666.4
ASUS,17.3,16,1000,873
HP,15.6,12,256,503.58
ROKC,15.6,20,1152,389.99
HP,15.6,16,1000,459.99
ROKC,15.6,20,1000,639.99
Microsoft,12.45,8,256,529
HP,14,8,64,299
Lenovo,14,16,512,535.99
Lenovo,14,4,128,191.87
MSI,15.6,8,256,600.51
SAMSUNG,16,32,1000,1939.99
ASUS,15.6,8,64,247.05
MSI,15.6,32,1000,1699
DELL,16,32,1000,899.99
ROKC,14,8,1000,589.99
HP,15.6,64,1000,999.99
MSI,15.66,32,1000,1599
acer,13.3,8,64,424.46
HP,15,32,1000,685
LG,16,16,512,1284.93
HP,14,8,256,570
HP,17.3,8,256,576.99
Lenovo,14,32,1000,1949.99
LG,16,32,1000,1757.57
HP,17.3,16,1000,557
ROKC,15.6,20,1152,389.99
HP,15.6,16,1000,459.99
ROKC,15.6,20,1000,639.99
MSI,17.3,32,1000,1999.99
MSI,17.3,32,1000,1399
Lenovo,14,16,256,219
ASUS,16,32,32,2199
ASUS,16,8,512,561
Lenovo,14,4,256,181.99
MSI,16,16,1000,2091.05
MSI,15.6,32,1000,1699
DELL,16,32,1000,899.99
ROKC,14,8,1000,589.99
HP,15.6,64,1000,999.99
MSI,15.66,32,1000,1599
HP,11.6,4,1000,160
ASUS,14,4,64,231.85
HP,14,8,256,514.99
HP,15.6,32,1000,579.99
Asus,11.6,4,64,279.99
Lenovo,15.6,12,256,561.99
Lenovo,16,8,256,682
ROKC,15.6,20,1152,389.99
HP,15.6,16,1000,459.99
ROKC,15.6,20,1000,639.99
Dell,14,8,512,542.95
LENOVO,14,16,512,1249
SAMSUNG,13.3,8,256,643
acer,17.3,4,128,328.67
Dell,15.6,64,2000,1000
DELL,16,32,1000,899.99
MSI,15.6,32,1000,1699
ROKC,14,8,1000,589.99
HP,15.6,64,1000,999.99
MSI,15.66,32,1000,1599
LG,16,32,2000,1899
acer,14,8,512,499.99
Dell,16,32,1000,1020.33
HP,17.3,32,1000,619.99
Lenovo,13,8,256,799
Dell,13.4,32,1000,1126.85
ROKC,14,8,1000,589.99
HP,15.6,64,1000,999.99
Lenovo,15.6,8,256,499
Lenovo,14,16,256,622.04
Dell,15.6,8,256,748.47
ROKC,14,8,1000,589.99
HP,15.6,64,1000,999.99
Dell,13.4,16,1000,1305.17
Razer,15.6,16,1000,1659.68
HP,15.6,8,128,377
Lenovo,14,4,64,299
DELL,15.6,32,1000,939.99
ROKC,14,8,1000,589.99
HP,15.6,64,1000,999.99
acer,16,16,1000,1649.99
ASUS,11.6,4,64,252.54
ROKC,14,8,1000,589.99
HP,15.6,64,1000,999.99
HP,14,8,256,499.99
LG,16,16,1000,1612.99
SAMSUNG,12.2,4,32,447.95
LENOVO,15.6,20,1000,487
ROKC,14,8,1000,589.99
HP,15.6,64,1000,999.99
Lenovo,13.3,4,1000,433.99
HP,15.6,16,512,520
LG,17,16,1000,1399.99
Dell,15.6,16,512,1428.96
ROKC,14,8,1000,589.99
HP,15.6,64,1000,999.99
Dell,15.6,16,512,1749.33
HP,14,8,512,608
LG,16,32,2000,1896.99
ASUS,15.6,16,512,999
Asus,14,8,256,357.5
MSI,15.6,16,512,1465.8
LG,16,16,1000,1799
DELL,15.6,32,1000,949.99
LG,14,32,1000,1796.99
MSI,15.6,32,1000,1697.23
ROKC,15.6,20,1152,389.99
HP,15.6,16,1000,459.99
ROKC,15.6,20,1000,639.99
Dell,15.6,16,512,1497.99
ASUS,14,16,1000,1099.99
HP,15.6,16,512,699
HP,14,4,64,239
Microsoft,13.5,16,512,1198.99
Lenovo,14,16,512,689
Dell,13.3,16,512,1680.56
Apple,13.3,16,1000,911
DELL,16,32,1000,899.99
MSI,15.66,32,1000,1599
MSI,15.6,32,1000,1699
ROKC,14,8,1000,589.99
HP,15.6,64,1000,999.99
acer,14,16,512,886.37
SAMSUNG,13.3,16,1000,729
HP,14,8,256,159.99
HP,15.6,32,1000,732
ROKC,14,8,1000,589.99
HP,15.6,64,1000,999.99
Lenovo,15.6,4,128,185.95
acer,14,4,64,204
acer,17.3,16,512,699.99
Lenovo,15.6,8,512,485
Dell,15.6,16,512,1499.99
ASUS,14,4,128,460.48
LG,17,16,512,1199
ROKC,14,8,1000,589.99
HP,15.6,64,1000,999.99
Lenovo,16,16,1000,849
Lenovo,14,4,64,220.69
acer,16,16,512,1241.46
Lenovo,14,8,512,443
HP,14,4,64,225
Panasonic,14,16,1000,655.96
ROKC,14,8,1000,589.99
HP,15.6,64,1000,999.99
Dell,15.6,32,1000,689.65
ASUS,17.3,4,64,246
HP,15.6,16,512,1137.02
ROKC,14,8,1000,589.99
HP,15.6,64,1000,999.99
ASUS,17.3,4,64,247.36
acer,15.6,16,512,1199
acer,15.6,8,512,450
ASUS,14.5,12,512,689.49
ASUS,15.6,16,512,901.56
ASUS,16,16,512,1399.99
ROKC,14,8,1000,589.99
HP,15.6,64,1000,999.99
ASUS,14,16,512,979.99
ASUS,15.6,16,512,1259.99
SAMSUNG,14,4,128,345
MSI,16,32,2000,2198.99
Panasonic,13.1,8,240,420
ROKC,14,8,1000,589.99
HP,15.6,64,1000,999.99
Dell,14,16,512,1658.99
Toughbook,13.1,16,256,1550.99
HP,11.6,4,128,245
ASUS,16,16,1000,1646.99
Dell,15.6,16,512,1109.18
ROKC,14,8,1000,589.99
HP,15.6,64,1000,999.99
Lenovo,14,4,64,195
HP,15.6,4,1000,269
Dell,15.6,16,512,1349.99
Dell,14,8,256,835.85
ASUS,12,4,32,278.97
ROKC,14,8,1000,589.99
HP,15.6,64,1000,999.99
Dell,15.6,16,512,1576.57
HP,14,32,1000,729.99
Lenovo,15.6,8,512,934
ROKC,14,8,1000,589.99
HP,15.6,64,1000,999.99
Lenovo,13.3,4,64,469.99
acer,17.3,32,2000,1259
ROKC,14,8,1000,589.99
HP,15.6,64,1000,999.99
Dell,14,32,1000,2023.03
Corsair,16,32,2000,1699.99
Apple,13.3,8,256,1068.99
ASUS,14,4,64,283.55
Panasonic,14,16,1000,658.94
Alienware,15.6,16,512,1599
Apple,13,8,1000,1178
ROKC,15.6,20,1152,389.99
HP,15.6,16,1000,459.99
ROKC,15.6,20,1000,639.99
ASUS,16,8,512,699.99
SAMSUNG,15.6,16,512,1177.42
HP,15.6,8,256,346.9
ASUS,15.6,16,1000,1530.63
ASUS,14,16,512,1211.99
HP,15.6,8,256,423.99
MSI,15.6,32,1000,1499
acer,14,16,1000,1406.88
DELL,16,32,1000,899.99
ROKC,14,8,1000,589.99
HP,15.6,64,1000,999.99
ASUS,14,16,1000,1829.99
ASUS,15.6,8,512,606.15
MSI,15.6,32,1000,1899
Dell,15.6,16,256,1038.43
Lenovo,16,40,2000,1799
Lenovo,14,8,512,922.55
ROKC,14,8,1000,589.99
HP,15.6,64,1000,999.99
HP,14,8,1000,629.49
Dell,13.3,32,512,1507.9
Dell,15.6,16,512,649
Lenovo,13,4,1000,195.99
ASUS,15.6,8,512,940.47
ROKC,14,8,1000,589.99
HP,15.6,64,1000,999.99
AWOW,11.6,6,256,308.42
ASUS,16,16,1000,1799.99
MSI,15.6,16,1000,799
HP,14,16,512,1681.99
MSI,16,32,1000,1743
ROKC,15.6,20,1152,389.99
HP,15.6,16,1000,459.99
ROKC,15.6,20,1000,639.99
HP,14,8,256,428.45
SAMSUNG,14,8,32,349.99
ASUS,15.6,8,512,619.99
Dell,14,16,256,691.53
DELL,16,32,1000,899.99
ROKC,14,8,1000,589.99
HP,15.6,64,1000,999.99
ASUS,14,32,2000,1947.99
HP,14,4,64,259.95
Lenovo,13.3,4,32,245
ROKC,14,8,1000,589.99
HP,15.6,64,1000,999.99
Gigabyte,15.6,16,1000,2099.99
Lenovo,14,16,1000,1199.99
Lenovo,15.6,12,512,508
Microsoft,12.3,8,256,624.99
Dell,15.6,32,1000,1689.18
ROKC,14,8,1000,589.99
HP,15.6,64,1000,999.99
Dell,14,16,512,1029.99
HP,14,8,128,313
ASUS,15.6,8,512,699.99
Dell,16,16,512,1161.11
ASUS,15.6,8,128,548
ROKC,14,8,1000,589.99
HP,15.6,64,1000,999.99
Lenovo,15.6,8,256,389
ASUS,17.3,8,512,999.99
LG,14,16,1000,1303.76
Dell,15.6,16,256,1169.99
ROKC,14,8,1000,589.99
HP,15.6,64,1000,999.99
Toughbook,12,8,256,993.99
Microsoft,15,8,512,858.98
ASUS,13.9,1,1000,1399.9
Lenovo,14,16,512,2079.99
MSI,13.3,32,1000,1299
ROKC,14,8,1000,589.99
HP,15.6,64,1000,999.99
Dell,15.6,32,1000,930.17
ASUS,17.3,4,32,259.99
Dell,14,8,256,899
acer,17.3,8,256,493.49
MSI,16,32,1000,1900.58
ROKC,14,8,1000,589.99
HP,15.6,64,1000,999.99
Dell,16,40,1000,1096.99
Quality Refurbished Computers,15.6,8,120,159
Lenovo,16,32,1000,1799
Lenovo,15.6,4,256,395
Panasonic,14,16,512,799.99
Dell,15.6,16,1000,2022
ROKC,15.6,20,1152,389.99
HP,15.6,16,1000,459.99
ROKC,15.6,20,1000,639.99
Dell,15.6,32,1000,548
ROKC,14,8,1000,589.99
HP,15.6,64,1000,999.99
HP,11.6,4,128,369
HP,17.3,8,512,639.99
ROKC,14,8,1000,589.99
HP,15.6,64,1000,999.99
Dell,15.6,16,512,1552.3
Dell,14,8,512,350
HP,15.6,16,512,675
Dell,14,16,1000,595.97
DELL,16,16,1000,849.99
Dell,14.1,8,256,415
Lenovo,15.6,4,256,299.99
ROKC,15.6,20,1152,389.99
HP,15.6,16,1000,459.99
ROKC,15.6,20,1000,639.99
Lenovo,15.6,16,512,816.33
acer,15.6,8,64,399.99
Dell,17.3,16,512,2199
HP,15.6,8,256,719.99
ROKC,14,8,1000,589.99
HP,15.6,64,1000,999.99
ASUS,14,16,1000,1299.99
HP,15.6,8,256,457.64
ROKC,14,8,1000,589.99
HP,15.6,64,1000,999.99
HP,15.6,16,512,1169.99
ASUS,13.3,16,1000,799.99
Lenovo,15.6,8,256,799
ROKC,14,8,1000,589.99
HP,15.6,64,1000,999.99
HP,15.6,16,1000,949.31
Lenovo,14,16,512,1270.77
acer,15.6,8,64,345.44
HP,16,16,512,1427.99
ROKC,14,8,1000,589.99
HP,15.6,64,1000,999.99
acer,14,8,512,668.55
Lenovo,14,8,256,883.58
HP,13.5,16,512,2039
MSI,17.3,32,1000,1499
ROKC,14,8,1000,589.99
HP,15.6,64,1000,999.99
Gigabyte,17.3,16,1000,2149
ROKC,14,8,1000,589.99
HP,15.6,64,1000,999.99
MSI,15.6,32,1000,1149.99
LG,17,16,1000,1787.62
LG,14,16,512,1299.99
MSI,14,32,1000,1001.18
ROKC,14,8,1000,589.99
HP,15.6,64,1000,999.99
Dell,15.6,32,512,602
HP,14,8,1000,379
Dell,15.6,16,512,1578.21
SAMSUNG,11.6,4,32,209.96
ROKC,14,8,1000,589.99
HP,15.6,64,1000,999.99
ROKC,14,16,1000,409.99
acer,17.3,12,256,478.99
Lenovo,14,16,1000,589
ROKC,14,8,1000,589.99
HP,15.6,64,1000,999.99
ASUS,14.5,8,512,899.99
Dell,14,32,1000,1670.17
ROKC,14,8,1000,589.99
HP,15.6,64,1000,999.99
HP,15.6,16,256,899
HP,11.6,4,1000,240.74
Dell,13.4,16,512,992.99
ROKC,15.6,20,1152,389.99
HP,15.6,16,1000,459.99
ROKC,15.6,20,1000,639.99
HP,15.6,8,512,504
Dell,14,16,256,1900.08
Dell,13.3,16,1000,1125.99
ASUS,14,4,128,284.92
acer,15.6,16,512,714.99
HP,11.6,4,32,270.28
DELL,16,32,1000,899.99
ROKC,14,8,1000,589.99
HP,15.6,64,1000,999.99
Dell,14,32,1000,2167.89
HP,13.5,16,256,1003.99
ASUS,14,4,32,212.32
Dell,14,16,512,499.99
ROKC,14,8,1000,589.99
HP,15.6,64,1000,999.99
Dell,15.6,32,1000,1389.84
HP,14,4,64,229.99
ROKC,14,8,1000,589.99
HP,15.6,64,1000,999.99
Lenovo,17.3,8,1000,1449.99
Dell,14,16,256,1377.76
Dell,15.6,32,1000,1948.99
ROKC,14,8,1000,589.99
HP,15.6,64,1000,999.99
Lenovo,14,16,512,699.99
ROKC,14,8,1000,589.99
HP,15.6,64,1000,999.99
Lenovo,13,8,1000,806.47
ROKC,15.6,4,128,249.99
ROKC,14,8,1000,589.99
HP,15.6,64,1000,999.99
SAMSUNG,14,16,1000,1409.99
Lenovo,15.6,8,256,1059
ROKC,14,8,1000,589.99
HP,15.6,64,1000,999.99
Dell,16,64,2000,1081.5
acer,14,16,512,1079.99
HP,17.3,32,1000,729.99
Dell,14,8,256,219
Dell,15.6,32,512,1629.95
ROKC,15.6,20,1152,389.99
HP,15.6,16,1000,459.99
ROKC,15.6,20,1000,639.99
LENOVO,15.6,12,512,478.88
Lenovo,16,16,512,1370.49
Dell,16,32,512,1616.99
DELL,16,32,1000,899.99
ROKC,14,8,1000,589.99
HP,15.6,64,1000,999.99
Dell,14,16,512,1849.99
ASUS,14,4,64,184.99
ASUS,15.6,4,1000,235.75
ROKC,14,8,1000,589.99
HP,15.6,64,1000,999.99
Dell,13,16,1000,1150.99
Dell,14,16,512,999.99
HP,15.6,16,512,709.99
acer,14,8,64,489.99
ROKC,14,8,1000,589.99
HP,15.6,64,1000,999.99
Dell,14,16,512,351.98
ASUS,15.6,8,256,460
Lenovo,14,16,256,849
ROKC,14,8,1000,589.99
HP,15.6,64,1000,999.99
HP,14,16,256,1384.99
Dell,13.4,16,512,1041.99
Lenovo,15.6,16,512,1698.49
Lenovo,16,16,512,1449.99
Dell,14,16,512,425
ROKC,14,8,1000,589.99
HP,15.6,64,1000,999.99
Dell,15.6,64,2000,1247.21
ASUS,16,16,1000,899.99
Dell,15.6,8,1000,980
HP,14,8,1000,332.88
LG,17,16,2000,1782.96
Lenovo,11.6,4,1000,195.99
Lenovo,14,16,1000,1356
ROKC,15.6,20,1152,389.99
HP,15.6,16,1000,459.99
ROKC,15.6,20,1000,639.99
ASUS,17.3,16,1000,1799
Lenovo,12.3,16,512,869.99
acer,15.6,16,512,630.15
Apple,13.6,16,512,1588.42
Lenovo,11.6,4,32,203.77
Lenovo,14,8,1000,909.99
DELL,16,32,1000,899.99
ROKC,14,8,1000,589.99
HP,15.6,64,1000,999.99
acer,11.6,32,32,204.95
Dell,13.3,16,1024,1163.21
Dell,15.6,8,256,901.85
Lenovo,14,4,64,177
ROKC,14,8,1000,589.99
HP,15.6,64,1000,999.99
acer,14,8,64,432.7
Dell,13.4,32,1000,1501.49
ROKC,14,8,1000,589.99
HP,15.6,64,1000,999.99
HP,15.6,8,128,316.99
SAMSUNG,15.6,16,512,1320.86
Gateway,14,4,64,169.99
ROKC,14,8,1000,589.99
HP,15.6,64,1000,999.99
acer,14,16,512,1049.99
ASUS,14,4,320,324.37
acer,14,16,512,532.49
ROKC,14,8,1000,589.99
HP,15.6,64,1000,999.99
Dell,14,4,128,399
Lenovo,11.6,4,32,239.99
Dell,15.6,8,2000,356.99
ROKC,14,8,1000,589.99
HP,15.6,64,1000,999.99
HP,13.3,16,256,1863.52
ROKC,14,8,1000,589.99
HP,15.6,64,1000,999.99
Lenovo,14,20,512,499.99
Dell,14,32,1000,1670.17
Dell,14,16,256,876.02
Dell,15.6,16,1000,1588.99
ROKC,14,8,1000,589.99
HP,15.6,64,1000,999.99
Lenovo,13.3,8,256,500.11
acer,15.07458908761577,4,1000,341.45
ROKC,14,8,1000,589.99
HP,15.6,64,1000,999.99
Dell,11.6,4,1000,229.99
acer,15.6,8,256,528.18
Dell,13.3,8,256,699.99
ROKC,14,8,1000,589.99
HP,15.6,64,1000,999.99
Lenovo,14,8,512,1019
acer,14,16,1000,1347.59
ASUS,13.3,8,512,1099
ASUS,14,8,512,819.99
ROKC,15.6,20,1152,389.99
HP,15.6,16,1000,459.99
ROKC,15.6,20,1000,639.99
Lenovo,15.6,8,1000,690
Dell,15.6,32,512,1488.95
LG,16,16,512,900.9
HP,14,4,32,297
DELL,16,32,1000,899.99
ROKC,14,8,1000,589.99
HP,15.6,64,1000,999.99
Lenovo,14,16,512,1637.24
acer,11.6,4,1000,269
ROKC,15.6,20,1152,389.99
HP,15.6,16,1000,459.99
ROKC,15.6,20,1000,639.99
Dell,14,16,256,917.24
Panasonic,14,8,256,700
ASUS,11.6,4,1000,198
ASUS,17.3,12,1000,519
DELL,16,32,1000,899.99
ROKC,14,8,1000,589.99
HP,15.6,64,1000,999.99
Dell,13.3,8,256,2199
HP,15.6,16,256,939.19
Lenovo,14,16,1000,1599
ROKC,14,8,1000,589.99
HP,15.6,64,1000,999.99
Lenovo,14,32,512,2148.82
MSI,15.6,64,1000,1289.99
Lenovo,15.6,4,256,349.99
HP,14,32,1000,599.99
Microsoft,13.5,8,1000,449
ROKC,15.6,20,1152,389.99
HP,15.6,16,1000,459.99
ROKC,15.6,20,1000,639.99
ASUS,16,32,1000,1445.82
LG,16,16,1000,1546.84
Panasonic,13.1,8,480,552.99
Acer,15.07458908761577,16,1000,1249.98
DELL,16,32,1000,899.99
ROKC,14,8,1000,589.99
HP,15.6,64,1000,999.99
Lenovo,15.6,8,256,369.95
Dell,15.6,64,2000,1125
Dell,13,8,256,749.99
Dell,15.6,32,256,479.99
ROKC,14,8,1000,589.99
HP,15.6,64,1000,999.99
ASUS,16,12,512,629
Dell,13.3,8,256,598.99
Lenovo,13.3,16,512,849
Dell,17.3,12,512,1486.99
Panasonic,13.1,16,1000,599.99
Dell,15.6,16,1000,1767.99
ROKC,14,8,1000,589.99
HP,15.6,64,1000,999.99
Dell,13,16,1000,899.74
Lenovo,14,4,0,289
Dell,14,32,512,1535.99
Dell,14,16,1000,1499.99
ROKC,14,8,1000,589.99
HP,15.6,64,1000,999.99
ASUS,17.3,8,512,743.66
MSI,13.4,32,1000,1599
ROKC,14,8,1000,589.99
HP,15.6,64,1000,999.99
acer,15.6,8,512,879.99
Lenovo,16,16,1000,1488.64
Dell,15,16,512,986.99
SAMSUNG,15.6,4,1000,268.99
acer,14,16,1000,1026.99
ROKC,14,8,1000,589.99
HP,15.6,64,1000,999.99
HP,15.6,64,1000,999.99
ROKC,14,8,1000,589.99
HP,15.6,64,1000,999.99
ASUS,11.6,8,32,444.99
Panasonic,15.4,16,480,606.89
ASUS,15.6,8,128,370.23
Apple,16,16,1000,1419
Dell,14,16,512,1910.62
ROKC,15.6,20,1152,389.99
HP,15.6,16,1000,459.99
ROKC,15.6,20,1000,639.99
Lenovo,15.07458908761577,16,1000,1169
Lenovo,14,16,512,711.99
ASUS,15.6,4,128,319
Panasonic,15.4,8,240,450
DELL,16,32,1000,899.99
ROKC,14,8,1000,589.99
HP,15.6,64,1000,999.99
Lenovo,15.6,16,512,659.99
ROKC,14,8,1000,589.99
HP,15.6,64,1000,999.99
Lenovo,15.6,12,256,899.99
MSI,16,16,1000,1599
Lenovo,15.6,4,128,399.99
ROKC,14,8,1000,589.99
HP,15.6,64,1000,999.99
LG,16,8,512,978.99
Dell,15.6,32,2000,1481.86
Dell,14,64,2000,993.23
Dell,13.3,16,256,1499
ROKC,14,8,1000,589.99
HP,15.6,64,1000,999.99
HP,12.5,8,500,248.98
Lenovo,16,32,2000,2119
LG,15,8,512,1469.44
ROKC,14,8,1000,589.99
HP,15.6,64,1000,999.99
Dell,15.6,32,1000,1986.99
MSI,15.6,16,1000,1349.49
Dell,14,8,256,726.07
MSI,15.6,16,512,1099.99
HP,14,8,1000,587.99
ROKC,14,8,1000,589.99
HP,15.6,64,1000,999.99
HP,14,4,1000,207.99
Dell,15.6,16,512,1910.11
HP,15.6,8,1000,479.99
acer,11.6,4,64,316.39
HP,11.6,4,32,168
ROKC,15.6,20,1152,389.99
HP,15.6,16,1000,459.99
ROKC,15.6,20,1000,639.99
Lenovo,14,16,512,1209
Dell,14,16,256,798
dell,13.4,16,1000,1355.84
ASUS,15.6,8,256,499.99
DELL,16,32,1000,899.99
ROKC,14,8,1000,589.99
HP,15.6,64,1000,999.99
Toughbook,14,16,512,1195
Microsoft,15,16,512,1299
Dell,15.6,32,1000,1962.99
Panasonic,12,16,512,1773.99
ROKC,14,8,1000,589.99
HP,15.6,64,1000,999.99
MSI,14,16,1000,839.99
Lenovo,16,16,512,1499
acer,11.6,4,32,334.99
ROKC,15.6,20,1152,389.99
HP,15.6,16,1000,459.99
ROKC,15.6,20,1000,639.99
HP,16,16,512,1400
Dell,16,16,512,1599.99
Lenovo,15.6,16,512,864.14
DELL,16,32,1000,899.99
ROKC,14,8,1000,589.99
HP,15.6,64,1000,999.99
Lenovo,11.6,8,1000,282.67
Lenovo,11.6,4,32,253.46
Lenovo,14,16,256,965.99
Dell,15.6,16,1000,1163.99
ROKC,14,8,1000,589.99
HP,15.6,64,1000,999.99
Lenovo,14,16,256,1152.45
Lenovo,14,4,256,468
ASUS,17.3,16,1000,1699
ROKC,14,8,1000,589.99
HP,15.6,64,1000,999.99
Lenovo,15.6,32,1000,1349.99
IVIEW,14.1,4,64,239.99
MSI,15.6,16,1000,1246.47
ROKC,14,8,1000,589.99
HP,15.6,64,1000,999.99
Dell,14,16,1000,792.95
HP,17.3,16,1000,474.98
Lenovo,11.6,4,64,269.99
acer,14,8,512,599.99
MSI,15.6,32,1000,1129.99
ROKC,14,8,1000,589.99
HP,15.6,64,1000,999.99
Dell,14,16,256,1359.99
Dell,16,32,1000,1374.98
Lenovo,15.6,4,256,360
MSI,15.6,32,1000,1159.99
Dell,13,8,256,749.99
ASUS,14,4,64,229.99
ROKC,15.6,20,1152,389.99
HP,15.6,16,1000,459.99
ROKC,15.6,20,1000,639.99
ROKC,14,8,1000,589.99
HP,15.6,64,1000,999.99
HP,11.6,4,32,176.24
Lenovo,15.6,8,256,400
Lenovo,14,16,2000,1199
ROKC,14,8,1000,589.99
HP,15.6,64,1000,999.99
Dell,15.6,64,2000,971.04
Dell,14,32,512,996.99
MSI,15.6,64,2000,1808.99
ROKC,14,8,1000,589.99
HP,15.6,64,1000,999.99
hp,11.6,4,32,194.97
Dell,13.3,16,512,1718.99
Dell,14,16,512,1482.04
Dell,17.3,16,2000,1881.99
ASUS,11.6,4,128,462
XPG,15.6,32,1000,1699.99
HP,15.6,12,1000,959.99
ROKC,15.6,20,1152,389.99
HP,15.6,16,1000,459.99
ROKC,15.6,20,1000,639.99
Dell,13.3,16,512,1273.99
DELL,16,32,1000,899.99
ROKC,14,8,1000,589.99
HP,15.6,64,1000,999.99
Dell,15.6,32,2000,620
Dell,15.6,16,1000,1009
ROKC,14,8,1000,589.99
HP,15.6,64,1000,999.99
Dell,13,16,1000,1561.99
Dell,14,12,1000,2086.99
Dell,15.6,16,500,268.98
Lenovo,14,4,0,310.19
ROKC,15.6,20,1152,389.99
HP,15.6,16,1000,459.99
ROKC,15.6,20,1000,639.99
Lenovo,16,16,512,1344.99
Gigabyte,17,16,1000,1119.99
Lenovo,14,16,512,1638.95
Apple,13,16,512,1657.99
Dell,14,16,512,2150.88
Dell,14,8,256,836.16
Lenovo,13.3,8,256,724
Dell,14,16,256,749.99
DELL,16,32,1000,899.99
ROKC,14,8,1000,589.99
HP,15.6,64,1000,999.99
Dell,15.6,32,512,953.82
Lenovo,14,8,512,899
ASUS,15.6,8,512,979
acer,15.6,4,1000,312.99
ROKC,14,8,1000,589.99
HP,15.6,64,1000,999.99
Lenovo,14,4,1000,333.99
HP,15.6,8,256,378
Lenovo,13.3,4,64,399
Dell,13.3,16,512,1273.99
Dell,14,32,1000,1227.99
ASUS,14,4,32,199
ROKC,15.6,20,1152,389.99
HP,15.6,16,1000,459.99
ROKC,15.6,20,1000,639.99
ASUS,15.6,8,256,619.71
Dell,15.6,16,512,979
ROKC,14,8,1000,589.99
HP,15.6,64,1000,999.99
HP,15.6,16,512,930
ROKC,14,8,1000,589.99
HP,15.6,64,1000,999.99
Dell,13.4,16,512,1273.99
Dell,15.6,16,512,1723.77
Lenovo,14,8,256,653.99
ROKC,14,8,1000,589.99
HP,15.6,64,1000,999.99
HP,16,32,512,1973.99
ROKC,14,8,1000,589.99
HP,15.6,64,1000,999.99
Panasonic,13.1,4,250,299.95
Dell,15.6,16,512,1699
ROKC,14,8,1000,589.99
HP,15.6,64,1000,999.99
Dell,16,16,1000,854.86
MSI,14,16,512,941.05
Microsoft,13.5,8,512,865
Dell,14,32,512,2192.13
ROKC,15.6,20,1152,389.99
HP,15.6,16,1000,459.99
ROKC,15.6,20,1000,639.99
HP,14,8,256,490.77
ASUS,16,32,2000,1704.99
ASUS,14,4,128,446.98
Dell,14,8,256,784.97
DELL,16,32,1000,899.99
ROKC,14,8,1000,589.99
HP,15.6,64,1000,999.99
Dell,13.3,8,128,1099.95
Lenovo,14,16,256,729.99
Apple,13.3,16,256,1499
Dell,16,32,512,1662.92
ROKC,14,8,1000,589.99
HP,15.6,64,1000,999.99
Lenovo,11.6,4,128,286
Dell,15.6,16,256,1526.31
Dell,13.4,16,512,909.99
Microsoft,15,8,256,799
ROKC,15.6,20,1152,389.99
HP,15.6,16,1000,459.99
ROKC,15.6,20,1000,639.99
Dell,16,40,1000,1498
IVIEW,14.1,4,64,189.95
Lenovo,15.6,4,128,222.5
Apple,15.07458908761577,24,512,1899
DELL,16,32,1000,899.99
ROKC,14,8,1000,589.99
HP,15.6,64,1000,999.99
Dell,15.6,16,512,681.61
Dell,15.6,32,512,1699.95
Dell,14,16,512,802.91
Dell,15.6,8,256,760.99
ASUS,11.6,2,32,199.99
HP,15.6,32,1000,849.99
ROKC,15.6,20,1152,389.99
HP,15.6,16,1000,459.99
ROKC,15.6,20,1000,639.99
Lenovo,15.6,20,1000,419
acer,14,8,512,799.99
DELL,16,32,1000,899.99
ROKC,14,8,1000,589.99
HP,15.6,64,1000,999.99
Dell,11.6,16,1000,1299.95
Dell,14,8,1000,656.25
acer,11.6,4,32,219
Gigabyte,14,16,512,700.43
HP,15.6,32,2000,298.7
HP,15.6,8,500,799.81
ROKC,15.6,20,1152,389.99
HP,15.6,16,1000,459.99
ROKC,15.6,20,1000,639.99
ASUS,11.6,4,32,169
Dell,15.6,32,1000,949
Dell,14,16,256,1875.98
Dell,13.3,8,512,749
DELL,16,32,1000,899.99
ROKC,14,8,1000,589.99
HP,15.6,64,1000,999.99
Dell,15.6,16,512,1566.99
Dell,13.4,32,2000,1820.99
Dell,14,16,512,1077.24
Lenovo,16,16,512,1851.99
ROKC,15.6,20,1152,389.99
HP,15.6,16,1000,459.99
ROKC,15.6,20,1000,639.99
SAMSUNG,11.6,4,64,249.49
Lenovo,11.6,4,64,229
DELL,16,32,1000,899.99
ROKC,14,8,1000,589.99
HP,15.6,64,1000,999.99
Dell,15,32,1000,1999.95
ROKC,14,8,1000,589.99
HP,15.6,64,1000,999.99
acer,15.6,32,2000,2129.99
Dell,15.6,16,512,1514.09
ROKC,14,8,1000,589.99
HP,15.6,64,1000,999.99
LG,15.6,8,256,999.99
Dell,17,16,1000,2179.05
ROKC,14,8,1000,589.99
HP,15.6,64,1000,999.99
Microsoft,13.5,16,512,1499.99
Dell,15.6,16,2000,1436.81
Dell,13.3,12,1000,795
HP,14,4,128,328.58
Dell,15.6,8,256,1443.6
ROKC,15.6,20,1152,389.99
HP,15.6,16,1000,459.99
ROKC,15.6,20,1000,639.99
acer,11.6,1,32,295.4
Dell,13.3,8,256,729
HP,12.5,8,256,209.98
Dell,14,32,512,1652.99
Lenovo,15.6,8,256,1920.57
Dell,14,16,256,544
DELL,16,32,1000,899.99
ROKC,14,8,1000,589.99
HP,15.6,64,1000,999.99
HP,13.3,16,1000,2099
Dell,16,16,512,854.86
Lenovo,16,16,256,1007
Lenovo,14,32,512,1644.31
ROKC,15.6,20,1152,389.99
HP,15.6,16,1000,459.99
ROKC,15.6,20,1000,639.99
Lenovo,14,16,2000,1131.06
HP,12.5,16,512,307.98
MSI,14,8,512,699
Dell,15.6,8,500,529.95
DELL,16,32,1000,899.99
ROKC,14,8,1000,589.99
HP,15.6,64,1000,999.99
Dell,16,16,1000,854.86
LG,17,8,512,1469.99
ROKC,14,8,1000,589.99
HP,15.6,64,1000,999.99
Dell,14,16,256,1652.68
ASUS,15.6,12,512,479
Dell,15.6,32,1000,1681.29
acer,14,16,512,599.99
ROKC,14,8,1000,589.99
HP,15.6,64,1000,999.99
Toughbook,14,8,512,749.89
Lenovo,14,12,512,1049
ROKC,14,8,1000,589.99
HP,15.6,64,1000,999.99
Dell,15.6,16,1000,342.98
Dell,14,16,512,339
Dell,15.6,4,320,249.95
ROKC,15.6,20,1152,389.99
HP,15.6,16,1000,459.99
ROKC,15.6,20,1000,639.99
Dell,14,16,512,1770.16
Dell,14,64,2000,993.23
HP,14,4,256,252.98
Dell,14,32,256,999.66
Lenovo,13,16,256,1504.08
DELL,16,32,1000,899.99
ROKC,14,8,1000,589.99
HP,15.6,64,1000,999.99
Dell,14,8,1000,540
acer,15.6,8,256,436.11
Lenovo,15.6,12,128,458.14
acer,16,16,1000,1849
ROKC,14,8,1000,589.99
HP,15.6,64,1000,999.99
Dell,14,16,256,1713.59
Lenovo,13.3,16,512,1730.95
HP,15.6,4,128,288
ROKC,14,8,1000,589.99
HP,15.6,64,1000,999.99
Dell,15.6,32,256,714.34
Dell,14,64,2000,1406.04
Lenovo,16,16,512,1960.77
ROKC,14,8,1000,589.99
HP,15.6,64,1000,999.99
acer,11.6,16,16,159.95
Computer Upgrade King,17,64,2000,2199.99
Dell,14,64,2000,1419.92
ROKC,14,8,1000,589.99
HP,15.6,64,1000,999.99
HP,13.3,16,1000,1499
Dell,15.6,16,512,1734.21
Dell,15.6,16,512,873.93
Dell,16,32,512,1385.98
ROKC,15.6,20,1152,389.99
HP,15.6,16,1000,459.99
ROKC,15.6,20,1000,639.99
LG,17,16,2000,1515.03
CTL,14,8,64,417.99
Dell,16,24,512,1193.72
HP,15.6,16,1000,425.99
HP,14,16,512,1796.25
Dell,13.4,16,1000,1101.49
DELL,16,32,1000,899.99
ROKC,14,8,1000,589.99
HP,15.6,64,1000,999.99
HP,11.6,4,1000,401.99
Dell,14,16,256,1699
Dell,11.6,4,1000,287.99
Dell,14,16,1000,2108.4
Dell,14,4,128,361.65
HP,14,16,256,1659.99
ROKC,15.6,20,1152,389.99
HP,15.6,16,1000,459.99
ROKC,15.6,20,1000,639.99
Dell,15.6,16,512,879
Dell,13.3,16,512,1399.81
HP,14,16,512,1963.3
Dell,11.6,4,32,289
LG,14,16,1000,1699.99
Dell,15,16,256,1523.03
Dell,13.3,8,256,545
DELL,16,32,1000,899.99
ROKC,14,8,1000,589.99
HP,15.6,64,1000,999.99
acer,11.6,8,64,485.99
Dell,17.3,16,512,1998.77
Lenovo,14,8,256,844.65
Dell,14,8,256,569.77
Dell,15.6,16,512,1599.77
ROKC,14,8,1000,589.99
HP,15.6,64,1000,999.99
HP,13.3,8,256,905.27
HP,14,4,1000,169
Lenovo,15.6,8,1000,799
Dell,15.6,8,500,266.98
ROKC,15.6,20,1152,389.99
HP,15.6,16,1000,459.99
ROKC,15.6,20,1000,639.99
Dell,15.6,32,1000,1244.95
Dell,16,32,1000,1269.99
Lenovo,15.07458908761577,16,1000,1171.31
DELL,16,32,1000,899.99
ROKC,14,8,1000,589.99
HP,15.6,64,1000,999.99
Dell,14,16,256,1557.79
Dell,11.6,8,512,899.95
MSI,15.66,32,1000,1599
MSI,15.6,32,1000,1699
ROKC,14,8,1000,589.99
Dell,14,8,1000,540
acer,15.6,8,256,436.11
Lenovo,15.6,12,128,458.14
acer,16,16,1000,1849
Lenovo,15.6,8,256,699.99
ROKC,15.6,20,1152,389.99
HP,14,16,64,389.99
HP,15.6,16,1000,459.99
Dell,13.3,8,256,807.99
Lenovo,15.6,16,500,369.95
HP,15.6,64,1000,999.99
ROKC,15.6,20,1000,639.99
DELL,16,32,1000,899.99
MSI,15.66,32,1000,1599
MSI,15.6,32,1000,1699
MSI,15.66,32,1000,1599
MSI,15.6,32,1000,1699
ROKC,14,8,1000,589.99
Dell,15.6,32,256,714.34
Dell,14,64,2000,1406.04
MSI,15.66,32,1000,1599
MSI,15.6,32,1000,1699
ROKC,14,8,1000,589.99
acer,11.6,16,16,159.95
Computer Upgrade King,17,64,2000,2199.99
Dell,14,64,2000,1419.92
Dell,15.6,16,512,809
ROKC,15.6,20,1152,389.99
HP,14,16,64,389.99
HP,15.6,16,1000,459.99
HP,14,4,0,228
MSI,15.66,32,1000,1599
MSI,15.6,32,1000,1699
ROKC,14,8,1000,589.99
HP,13.3,16,1000,1499
Dell,15.6,16,512,1734.21
Dell,15.6,16,512,873.93
ROKC,15.6,20,1152,389.99
HP,14,16,64,389.99
HP,15.6,16,1000,459.99
Dell,16,32,512,1385.98
LG,17,16,2000,1515.03
CTL,14,8,64,417.99
MSI,15.66,32,1000,1599
MSI,15.6,32,1000,1699
ROKC,14,8,1000,589.99
Dell,13.4,16,1000,1101.34
HP,11.6,4,1000,401.99
Dell,14,16,256,1699
Dell,11.6,4,1000,287.99
Dell,14,16,1000,2108.4
Dell,14,4,128,361.65
HP,14,16,256,1659.99
ROKC,15.6,20,1152,389.99
HP,14,16,64,389.99
HP,15.6,16,1000,459.99
Dell,15.6,16,512,879
Dell,13.3,16,512,1399.81
HP,14,16,512,1963.3
Dell,11.6,4,32,289
LG,14,16,1000,1699.99
Dell,15,16,256,1523.03
HP,15.6,64,1000,999.99
ROKC,15.6,20,1000,639.99
DELL,16,32,1000,899.99
MSI,15.66,32,1000,1599
MSI,15.6,32,1000,1699
ROKC,14,8,1000,589.99
Dell,13.3,8,256,545
acer,11.6,8,64,485.99
Dell,17.3,16,512,1998.77
Lenovo,14,8,256,844.65
Dell,14,8,256,569.77
Dell,15.6,16,512,1599.77
ROKC,15.6,20,1152,389.99
HP,14,16,64,389.99
HP,15.6,16,1000,459.99
MSI,15.66,32,1000,1599
MSI,15.6,32,1000,1699
ROKC,14,8,1000,589.99
Dell,13.3,8,256,1129.99
HP,13.3,8,256,905.27
HP,14,4,1000,169
Lenovo,15.6,8,1000,799
Dell,15.6,8,500,266.98
ROKC,15.6,20,1152,389.99
HP,14,16,64,389.99
HP,15.6,16,1000,459.99
Dell,15.6,32,1000,1244.95
Dell,16,32,1000,1269.99
Lenovo,15.07458908761577,16,1000,1171.31
HP,15.6,64,1000,999.99
ROKC,15.6,20,1000,639.99
DELL,16,32,1000,899.99
MSI,15.66,32,1000,1599
MSI,15.6,32,1000,1699
ROKC,14,8,1000,589.99
MSI,15.66,32,1000,1599
MSI,15.6,32,1000,1699
ROKC,14,8,1000,589.99
Dell,14,8,256,696.99
Dell,14,32,1000,880.62
ROKC,15.6,20,1000,639.99
HP,15.6,16,500,289.95
ROKC,15.6,20,1152,389.99
HP,14,16,64,389.99
HP,15.6,16,1000,459.99
Lenovo,14,8,256,616.99
ASUS,14,4,128,432.99
Dell,13.4,32,1000,1150.99
acer,15.6,4,32,344
MSI,14,16,512,1025.01
Dell,13,8,256,655.99
ASUS,15.6,32,1000,1789
HP,15.6,64,1000,999.99
ROKC,15.6,20,1000,639.99
DELL,16,32,1000,899.99
MSI,15.66,32,1000,1599
MSI,15.6,32,1000,1699
ROKC,14,8,1000,589.99
Dell,14,16,512,879.84
HP,14,16,512,791.79
Dell,15.6,64,2000,2175.86
MSI,15.66,32,1000,1599
MSI,15.6,32,1000,1699
ROKC,14,8,1000,589.99
Lenovo,14,16,512,1470.77
Dell,15.6,8,256,1531.28
ROKC,15.6,20,1152,389.99
HP,14,16,64,389.99
HP,15.6,16,1000,459.99
acer,14,4,32,275
MSI,17.3,32,2000,1666.47
LG,17,16,2000,1850.52
Dell,14,16,512,1626.18
HP,15.6,64,1000,999.99
ROKC,15.6,20,1000,639.99
DELL,16,32,1000,899.99
MSI,15.66,32,1000,1599
MSI,15.6,32,1000,1699
ROKC,14,8,1000,589.99
Dell,15.6,16,512,890.77
Dell,15.6,32,1000,835.57
acer,14,16,512,1099.99
Lenovo,14,16,512,1379.99
Lenovo,14,16,512,999
Dell,16,32,512,2199.99
ROKC,15.6,20,1152,389.99
HP,14,16,64,389.99
HP,15.6,16,1000,459.99
Lenovo,14,16,256,743.92
MSI,15.66,32,1000,1599
MSI,15.66,32,1000,1599
MSI,15.6,32,1000,1699
ROKC,14,8,1000,589.99
Dell,15.6,8,256,739.41
Dell,14,16,1000,1264.99
MSI,15.66,32,1000,1599
MSI,15.6,32,1000,1699
ROKC,14,8,1000,589.99
Dell,13.3,8,128,999
acer,15.6,64,1000,1319.99
Lenovo,14,8,256,1188.25
Dell,13.4,16,2000,1351.34
Dell,14,16,512,1399.99
ROKC,15.6,20,1152,389.99
HP,14,16,64,389.99
HP,15.6,16,1000,459.99
Dell,14,16,512,1817.07
HP,14,16,512,1699
HP,15.6,64,1000,999.99
ROKC,15.6,20,1000,639.99
DELL,16,32,1000,899.99
MSI,15.66,32,1000,1599
MSI,15.6,32,1000,1699
ROKC,14,8,1000,589.99
Lenovo,15.6,4,1000,324.86
Dell,15.6,16,512,1659.96
Dell,13.3,16,256,1376.99
HP,15.6,16,512,1147.99
MSI,15.66,32,1000,1599
MSI,15.6,32,1000,1699
ROKC,14,8,1000,589.99
LG,16,16,256,999
MSI,15.66,32,1000,1599
MSI,15.6,32,1000,1699
ROKC,14,8,1000,589.99
MSI,15.66,32,1000,1599
MSI,15.6,32,1000,1699
ROKC,14,8,1000,589.99
Dell,14,16,256,1899
Dell,14,32,512,2070.75
HP,15.07458908761577,4,1000,376.21
MSI,15.66,32,1000,1599
MSI,15.6,32,1000,1699
ROKC,14,8,1000,589.99
Lenovo,11.6,4,500,298.95
HP,15.6,8,1000,1858.99
MSI,17.3,16,512,1989.33
ASUS,15.6,8,128,419.99
ROKC,15.6,20,1152,389.99
HP,14,16,64,389.99
HP,15.6,16,1000,459.99
HP,16,16,512,2152.78
Dell,17.3,32,512,1245.49
Dell,13.3,8,256,740.98
MSI,15.66,32,1000,1599
MSI,15.6,32,1000,1699
ROKC,14,8,1000,589.99
MSI,15.66,32,1000,1599
MSI,15.6,32,1000,1699
ROKC,14,8,1000,589.99
Dell,15.6,16,2000,1827.69
acer,15.6,4,1000,449.99
ASUS,15.6,8,128,399.99
ROKC,15.6,20,1152,389.99
HP,14,16,64,389.99
HP,15.6,16,1000,459.99
acer,15.6,32,1000,1049.99
Dell,15.6,64,2000,971.04
Dell,17,32,1000,1589
Lenovo,15.6,8,512,1002.26
HP,15.6,64,1000,999.99
ROKC,15.6,20,1000,639.99
DELL,16,32,1000,899.99
MSI,15.66,32,1000,1599
MSI,15.6,32,1000,1699
ROKC,14,8,1000,589.99
Dell,15.6,16,512,310.98
Dell,13.3,16,512,1099.99
acer,14,8,256,1518.88
HP,15.6,16,512,849.49
ROKC,15.6,20,1152,389.99
HP,14,16,64,389.99
HP,15.6,16,1000,459.99
Lenovo,13.3,8,256,649.49
Dell,15.6,16,1000,1598
Dell,13.3,16,512,1239.77
acer,16,16,512,1249
HP,15.6,64,1000,999.99
ROKC,15.6,20,1000,639.99
DELL,16,32,1000,899.99
MSI,15.66,32,1000,1599
MSI,15.6,32,1000,1699
ROKC,14,8,1000,589.99
Alienware,17.3,32,512,1594.95
HP,14,16,1000,245.01
ROKC,15.6,20,1152,389.99
HP,14,16,64,389.99
HP,15.6,16,1000,459.99
Dell,14,16,2000,1659.67
acer,15.6,4,128,429.99
Lenovo,14,5,1000,1149
HP,15.6,64,1000,999.99
ROKC,15.6,20,1000,639.99
DELL,16,32,1000,899.99
MSI,15.66,32,1000,1599
MSI,15.6,32,1000,1699
ROKC,14,8,1000,589.99
SAMSUNG,15.6,16,512,1299
Dell,15.6,32,1000,2000.98
MSI,15.66,32,1000,1599
MSI,15.6,32,1000,1699
ROKC,14,8,1000,589.99
acer,15.6,8,256,519
HP,15.6,8,1000,1999
Dell,14,8,256,600.49
Dell,13.4,32,1000,1895.92
ROKC,15.6,20,1152,389.99
HP,14,16,64,389.99
MSI,15.66,32,1000,1599
MSI,15.6,32,1000,1699
ROKC,14,8,1000,589.99
Toughbook,14,16,1000,737.99
Quality Refurbished Computers,15.6,8,1000,222.88
HP,14,16,256,1237.1
ROKC,15.6,20,1152,389.99
HP,14,16,64,389.99
HP,15.6,16,1000,459.99
Dell,15.6,16,1000,1288.88
Dell,15.6,16,1000,1271.26
Dell,15.6,16,512,1673.48
HP,15.6,64,1000,999.99
ROKC,15.6,20,1000,639.99
DELL,16,32,1000,899.99
MSI,15.66,32,1000,1599
MSI,15.6,32,1000,1699
ROKC,14,8,1000,589.99
MSI,15.66,32,1000,1599
MSI,15.6,32,1000,1699
ROKC,14,8,1000,589.99
ASUS,15.6,8,512,848.88
Lenovo,14,8,256,739.99
Lenovo,15.07458908761577,16,1000,838.7
Dell,14,16,256,1432.8
ROKC,15.6,20,1152,389.99
HP,14,16,64,389.99
HP,15.6,16,1000,459.99
Dell,12.3,16,256,999
HP,14,16,256,778
Dell,14,4,500,180
Lenovo,14,16,512,1467.99
Dell,15.6,8,256,784.09
HP,15.6,64,1000,999.99
ROKC,15.6,20,1000,639.99
DELL,16,32,1000,899.99
MSI,15.66,32,1000,1599
MSI,15.6,32,1000,1699
ROKC,14,8,1000,589.99
Dell,14,64,2000,1616.96
Dell,17,32,1000,1999.95
HP,14,8,8,730.11
MSI,17.3,32,2000,1997.1
ROKC,15.6,20,1152,389.99
HP,14,16,64,389.99
HP,15.6,16,1000,459.99
Lenovo,13.3,16,256,1419.99
Dell,14,8,256,699
Dell,14,32,512,1668.53
HP,15.07458908761577,4,1000,572.84
acer,15.6,32,512,859
HP,15.6,64,1000,999.99
ROKC,15.6,20,1000,639.99
DELL,16,32,1000,899.99
MSI,15.66,32,1000,1599
MSI,15.6,32,1000,1699
ROKC,14,8,1000,589.99
Dell,15.6,16,256,1100.72
Dell,13.3,16,1000,1154.33
Dell,14,16,256,692.99
MSI,15.66,32,1000,1599
MSI,15.6,32,1000,1699
ROKC,14,8,1000,589.99
Lenovo,14,16,500,379
Dell,16,16,512,1161.11
ROKC,15.6,20,1152,389.99
HP,14,16,64,389.99
HP,15.6,16,1000,459.99
ASUS,13.3,8,256,1143.73
Lenovo,14,8,256,781.99
Lenovo,15.6,16,1000,1539.77
Dell,16,16,512,1099.99
Lenovo,14,8,256,699
MSI,17.3,8,1000,1599
HP,15.6,64,1000,999.99
ROKC,15.6,20,1000,639.99
DELL,16,32,1000,899.99
MSI,15.66,32,1000,1599
MSI,15.6,32,1000,1699
ROKC,14,8,1000,589.99
Dell,14,16,256,1195.94
Dell,14,16,1000,1096.99
HP,14,16,1000,179.55
Dell,11.6,4,1000,216.49
ROKC,15.6,20,1152,389.99
HP,14,16,64,389.99
HP,15.6,16,1000,459.99
LPT,15.6,32,1000,1799
Dell,14,16,256,1026.13
acer,15.07458908761577,4,32,221.41
HP,15.6,64,1000,999.99
ROKC,15.6,20,1000,639.99
DELL,16,32,1000,899.99
MSI,15.66,32,1000,1599
MSI,15.6,32,1000,1699
ROKC,14,8,1000,589.99
Dell,13,16,256,750.74
Dell,13.3,8,512,798.94
Dell,13.3,8,1000,799.81
Dell,15.6,32,512,1769.77
acer,14,8,512,699.8
Dell,15.6,8,256,727.53
Microsoft,13.5,8,1000,199.99
ROKC,15.6,20,1152,389.99
HP,14,16,64,389.99
HP,15.6,16,1000,459.99
Dell,15.6,32,1000,1449.81
Dell,14,16,256,1734.85
Dell,13.3,16,256,972.45
Dell,15.6,16,1000,1199
Lenovo,14,16,512,1455.66
Dell,14,16,256,1065.99
Lenovo,14,8,256,895.3
HP,15.6,64,1000,999.99
ROKC,15.6,20,1000,639.99
DELL,16,32,1000,899.99
MSI,15.66,32,1000,1599
MSI,15.6,32,1000,1699
ROKC,14,8,1000,589.99
Lenovo,14,8,512,449
ROKC,15.6,20,1152,389.99
HP,14,16,64,389.99
HP,15.6,16,1000,459.99
Lenovo,14,4,128,244
Lenovo,14,8,256,284.97
HP,15.6,64,1000,999.99
ROKC,15.6,20,1000,639.99
DELL,16,32,1000,899.99
MSI,15.66,32,1000,1599
MSI,15.6,32,1000,1699
ROKC,14,8,1000,589.99
Lenovo,15.6,8,256,545
ASUS,15.6,16,1000,933.45
ROKC,15.6,20,1152,389.99
HP,14,16,64,389.99
HP,15.6,16,1000,459.99
HP,14,64,2000,1999
Lenovo,14,16,256,811.39
HP,15.6,64,1000,999.99
ROKC,15.6,20,1000,639.99
DELL,16,32,1000,899.99
MSI,15.66,32,1000,1599
MSI,15.6,32,1000,1699
ROKC,14,8,1000,589.99
acer,11.6,4,32,229
Dell,17.3,16,1000,1499.95
Dell,13.3,16,1000,897.52
Dell,13.3,16,1000,911.02
ROKC,15.6,20,1152,389.99
HP,14,16,64,389.99
HP,15.6,16,1000,459.99
Lenovo,15.6,8,256,559.41
Dell,15.6,16,512,1036.82
MSI,15.6,16,512,1899
Dell,14,16,512,931.99
Dell,15.6,32,1000,1779.95
Microsoft,12.45,4,1000,269.99
HP,15.6,64,1000,999.99
ROKC,15.6,20,1000,639.99
DELL,16,32,1000,899.99
MSI,15.66,32,1000,1599
MSI,15.6,32,1000,1699
MSI,15.66,32,1000,1599
MSI,15.6,32,1000,1699
ROKC,14,8,1000,589.99
MSI,14,8,512,589.99
Dell,15.6,16,512,1239.81
Dell,15,64,1000,1999
Dell,15.6,32,1000,740.6
HP,16,16,512,2098.99
Dell,14,16,512,931.99
ROKC,15.6,20,1152,389.99
HP,14,16,64,389.99
MSI,15.66,32,1000,1599
MSI,15.6,32,1000,1699
ROKC,14,8,1000,589.99
Dell,14,8,256,188
Dell,17,16,512,1299
Lenovo,14,16,512,1279.99
ROKC,15.6,20,1152,389.99
HP,14,16,64,389.99
HP,15.6,16,1000,459.99
Dell,14,32,512,2110.35
Lenovo,15.6,8,256,599.95
Lenovo,15.6,6,1000,528.18
Dell,14,16,256,779.62
MSI,15.6,32,1000,1899
Dell,16,32,1000,1269.99
HP,15.6,64,1000,999.99
ROKC,15.6,20,1000,639.99
DELL,16,32,1000,899.99
MSI,15.66,32,1000,1599
MSI,15.6,32,1000,1699
ROKC,14,8,1000,589.99
HP,12.5,8,128,212.98
Dell,13.3,16,1000,1389.77
acer,14,8,128,719
Apple,15.07458908761577,24,512,1899
ROKC,15.6,20,1152,389.99
HP,14,16,64,389.99
HP,15.6,16,1000,459.99
Lenovo,14,16,256,1869
Dell,14,32,512,1749.95
Dell,15.6,4,1000,1999
Dell,14,16,256,1450.77
HP,13.3,16,1000,1482.13
HP,15.6,64,1000,999.99
ROKC,15.6,20,1000,639.99
DELL,16,32,1000,899.99
MSI,15.66,32,1000,1599
MSI,15.6,32,1000,1699
ROKC,14,8,1000,589.99
MSI,14,16,1000,1334.95
Dell,15.6,32,1000,1789.81
MSI,15.66,32,1000,1599
MSI,15.6,32,1000,1699
ROKC,14,8,1000,589.99
MSI,17.3,16,512,1877.99
Dell,13.3,16,512,994.79
Lenovo,15.07458908761577,16,1000,1089.99
Dell,13.4,16,512,1807.78
Lenovo,14,32,2000,2207.14
Dell,15.6,32,512,792.78
Dell,14,16,512,285.98
ROKC,15.6,20,1152,389.99
HP,14,16,64,389.99
HP,15.6,16,1000,459.99
hp,13.3,8,512,815
HP,14,16,256,971.99
Dell,14,32,2000,1575.99
Lenovo,13.3,16,256,1601.99
Lenovo,15.6,4,128,247.49
Dell,14,32,1000,1569.99
Dell,15.6,16,256,878.37
Dell,14,32,512,997.74
HP,15.6,64,1000,999.99
ROKC,15.6,20,1000,639.99
DELL,16,32,1000,899.99
MSI,15.66,32,1000,1599
MSI,15.6,32,1000,1699
ROKC,14,8,1000,589.99
Dell,15.6,4,256,1999
Dell,15.6,16,512,1159
Dell,15.6,16,256,1597.77
ROKC,15.6,20,1152,389.99
HP,14,16,64,389.99
HP,15.6,16,1000,459.99
HP,13.3,16,256,1149
MSI,17.3,32,512,1699.99
ASUS,14,4,64,199.99
HP,13.3,16,512,1930.77
HP,15.6,64,1000,999.99
ROKC,15.6,20,1000,639.99
DELL,16,32,1000,899.99
MSI,15.66,32,1000,1599
MSI,15.6,32,1000,1699
ROKC,14,8,1000,589.99
HP,15.6,8,512,902.98
ROKC,15.6,20,1152,389.99
HP,14,16,64,389.99
HP,15.6,16,1000,459.99
Dell,15.6,64,512,1599
Dell,13.3,8,256,694.19
Lenovo,15.6,8,256,1090.57
Dell,14,16,512,1899
Dell,13,16,512,1031.79
Lenovo,15.6,16,1000,719.99
HP,15.6,64,1000,999.99
ROKC,15.6,20,1000,639.99
DELL,16,32,1000,899.99
MSI,15.66,32,1000,1599
MSI,15.6,32,1000,1699
ROKC,14,8,1000,589.99
Dell,14,8,128,529.95
Dell,14,16,512,1472.99
Dell,15.6,64,2000,1030.18
Dell,13.3,8,256,951.99
Dell,14,64,2000,1406.04
MSI,15.66,32,1000,1599
MSI,15.6,32,1000,1699
ROKC,14,8,1000,589.99
MSI,15.6,16,1000,1289.89
HP,11.6,8,256,993.99
Lenovo,14,16,512,1455.77
Dell,16,32,512,1438.99
MSI,15.6,16,512,1113.87
Dell,13.4,8,512,1069.81
Dell,14,16,512,1199.95
lenovo,15.6,8,128,599.99
Lenovo,14,16,256,1149.18
ROKC,15.6,20,1152,389.99
HP,14,16,64,389.99
HP,15.6,16,1000,459.99
Dell,13.3,16,2000,881.74
Dell,14,8,256,765.75
HP,15.6,64,1000,999.99
ROKC,15.6,20,1000,639.99
DELL,16,32,1000,899.99
MSI,15.66,32,1000,1599
MSI,15.6,32,1000,1699
ROKC,14,8,1000,589.99
ASUS,15.6,8,512,718.46
ONN,13.3,4,128,203
MSI,15.6,16,1000,1399
ROKC,15.6,20,1152,389.99
HP,14,16,64,389.99
HP,15.6,16,1000,459.99
Dell,15.6,16,512,1942.83
Dell,16,16,512,708.99
Dell,15.6,16,1000,620.64
Dell,13.3,16,512,934.67
MSI,14,16,512,1099
Dell,14,32,512,1590.99
HP,15.6,64,1000,999.99
ROKC,15.6,20,1000,639.99
DELL,16,32,1000,899.99
MSI,15.66,32,1000,1599
MSI,15.6,32,1000,1699
ROKC,14,8,1000,589.99
Dell,14,16,256,822.06
ROKC,15.6,20,1152,389.99
HP,14,16,64,389.99
HP,15.6,16,1000,459.99
Dell,13.3,8,1000,1299
ASUS,14,4,64,325
acer,13.3,16,320,299.88
Dell,15.6,16,512,1499
HP,15.6,64,1000,999.99
ROKC,15.6,20,1000,639.99
DELL,16,32,1000,899.99
MSI,15.66,32,1000,1599
MSI,15.6,32,1000,1699
MSI,15.66,32,1000,1599
MSI,15.6,32,1000,1699
ROKC,14,8,1000,589.99
Dell,15.6,64,1000,1729.95
LG,17,16,512,1396.99
Dell,14,32,512,885.12
ROKC,15.6,20,1152,389.99
HP,14,16,64,389.99
HP,15.6,16,1000,459.99
Lenovo,15.6,8,256,599
ASUS,13.3,8,512,1399
HP,14,16,256,519.99
Lenovo,15.6,8,1000,791.12
Dell,14,16,1000,1748.04
MSI,15.66,32,1000,1599
MSI,15.6,32,1000,1699
ROKC,14,8,1000,589.99
Dell,14,16,1000,1748.04
Dell,15.6,64,1000,1846.99
Dell,15.6,16,512,1550.25
Panasonic,13.1,4,500,399.99
HP,16.1,64,2000,2029.99
ROKC,15.6,20,1152,389.99
HP,14,16,64,389.99
HP,15.6,16,1000,459.99
SAMSUNG,11.6,4,32,298
Dell,14,16,512,1577.98
Dell,15.6,16,256,1199.95
HP,15.6,64,1000,999.99
ROKC,15.6,20,1000,639.99
DELL,16,32,1000,899.99
MSI,15.66,32,1000,1599
MSI,15.6,32,1000,1699
ROKC,14,8,1000,589.99
ASUS,15.6,8,512,772.2
HP,15.6,8,256,849.99
Dell,11.6,4,128,305.39
Lenovo,16,16,1000,1779.49
Apple,12,8,512,779.95
ROKC,15.6,20,1152,389.99
HP,14,16,64,389.99
HP,15.6,16,1000,459.99
Lenovo,14,8,256,419
HP,15.6,64,1000,999.99
ROKC,15.6,20,1000,639.99
DELL,16,32,1000,899.99
MSI,15.66,32,1000,1599
MSI,15.6,32,1000,1699
ROKC,14,8,1000,589.99
acer,15.6,8,256,449
Alienware,15.6,16,512,1329.95
Dell,15.6,32,1000,1550.64
ROKC,15.6,20,1152,389.99
HP,14,16,64,389.99
HP,15.6,16,1000,459.99
Lenovo,14,8,256,295.97
HP,11.6,8,128,229.98
Dell,14,32,1000,1507.16
HP,15.6,64,1000,999.99
ROKC,15.6,20,1000,639.99
DELL,16,32,1000,899.99
MSI,15.66,32,1000,1599
MSI,15.6,32,1000,1699
ROKC,14,8,1000,589.99
ROKC,15.6,20,1152,389.99
HP,14,16,64,389.99
HP,15.6,16,1000,459.99
Dell,14,16,1000,1599
HP,15.6,16,1000,2199
Dell,13,16,512,1047.29
Dell,15.6,16,1000,949.95
HP,15.6,64,1000,999.99
ROKC,15.6,20,1000,639.99
DELL,16,32,1000,899.99
MSI,15.66,32,1000,1599
MSI,15.6,32,1000,1699
ROKC,14,8,1000,589.99
MSI,15.66,32,1000,1599
MSI,15.6,32,1000,1699
ROKC,14,8,1000,589.99
acer,14,32,1000,359.92
MSI,17.3,16,512,1799
Dell,13,16,512,1295.53
Dell,17.3,32,1000,1778.99
ROKC,15.6,20,1152,389.99
HP,14,16,64,389.99
HP,15.6,16,1000,459.99
acer,14,4,1000,173.92
Dell,16,16,1000,913.99
MSI,15.66,32,1000,1599
MSI,15.6,32,1000,1699
ROKC,14,8,1000,589.99
Dell,13.3,16,500,289.95
ASUS,15.6,8,512,723.16
Dell,14,16,512,1680.46
MSI,15.66,32,1000,1599
MSI,15.6,32,1000,1699
ROKC,14,8,1000,589.99
Dell,16,16,1000,1689
Dell,15.6,64,1000,1085.99
Latitude,13.3,8,128,289.95
Dell,14,32,512,1295.03
ASUS,14,4,128,319.99
Dell,14,12,1000,899
ROKC,15.6,20,1152,389.99
HP,14,16,64,389.99
HP,15.6,16,1000,459.99
Dell,15.6,8,256,1099.81
Dell,14,16,128,1099.95
MSI,15.6,16,512,1349
HP,15.6,64,1000,999.99
ROKC,15.6,20,1000,639.99
DELL,16,32,1000,899.99
MSI,15.66,32,1000,1599
MSI,15.6,32,1000,1699
ROKC,14,8,1000,589.99
Dell,16,32,2000,1091.99
Dell,16,16,1000,1166.97
Dell,15.6,32,1000,1429.99
Lenovo,15.6,8,256,499
Lenovo,14,8,256,699.99
Dell,13.4,16,512,1899
ROKC,15.6,20,1152,389.99
HP,14,16,64,389.99
HP,15.6,16,1000,459.99
acer,14,16,256,999.99
HP,15.6,8,256,439
Lenovo,11.6,4,1000,244.97
Dell,15.6,16,256,1094.13
Lenovo,13.3,8,1000,536.89
HP,15.6,64,1000,999.99
ROKC,15.6,20,1000,639.99
DELL,16,32,1000,899.99
MSI,15.66,32,1000,1599
MSI,15.6,32,1000,1699
ROKC,14,8,1000,589.99
Dell,15.6,16,256,1653.74
Dell,17.3,32,1000,1688.99
acer,11.6,4,64,246.39
ASUS,13.3,16,512,769.99
ROKC,15.6,20,1152,389.99
HP,14,16,64,389.99
HP,15.6,16,1000,459.99
Dell,14,16,256,671.84
Dell,14,16,512,610.68
Dell,14,64,1000,947.06
Lenovo,14,4,128,248
HP,11.6,8,512,249.98
Dell,15.6,32,1000,1900
HP,14,16,256,989.99
HP,15.6,64,1000,999.99
ROKC,15.6,20,1000,639.99
DELL,16,32,1000,899.99
MSI,15.66,32,1000,1599
MSI,15.6,32,1000,1699
ROKC,14,8,1000,589.99
Lenovo,14,16,512,689.99
Alienware,15.6,16,512,1699.95
VAIO,14,16,2000,1930.95
Dell,15.6,16,512,1332.99
ROKC,15.6,20,1152,389.99
HP,14,16,64,389.99
HP,15.6,16,1000,459.99
Lenovo,14,16,512,311.6
Dell,13.3,16,256,750.74
HP,15.6,64,1000,999.99
ROKC,15.6,20,1000,639.99
DELL,16,32,1000,899.99
MSI,15.66,32,1000,1599
MSI,15.6,32,1000,1699
ROKC,14,8,1000,589.99
Lenovo,15.6,4,500,248.88
Dell,15.6,16,512,1699.95
Dell,15.6,8,512,989
Toughbook,13,16,500,595.97
Dell,17.3,16,256,1799.95
Dell,14,8,256,254.98
ROKC,15.6,20,1152,389.99
HP,14,16,64,389.99
HP,15.6,16,1000,459.99
Dell,15.6,32,512,1603.27
Dell,13,8,256,750.74
HP,15.6,64,1000,999.99
ROKC,15.6,20,1000,639.99
DELL,16,32,1000,899.99
MSI,15.66,32,1000,1599
MSI,15.6,32,1000,1699
ROKC,14,8,1000,589.99
Dell,14,16,512,1646.99
Dell,15.6,16,1000,1488.13
Dell,14,16,256,1549
Dell,13,8,128,750.74
ROKC,15.6,20,1152,389.99
HP,14,16,64,389.99
HP,15.6,16,1000,459.99
HP,15.6,16,512,999.99
Dell,14,16,512,801.99
Lenovo,13.3,16,1000,1129.99
Dell,15.6,4,500,259
MSI,15.66,32,1000,1599
MSI,15.6,32,1000,1699
ROKC,14,8,1000,589.99
Dell,14,16,256,276.98
Dell,14,16,256,836.99
Dell,15.6,16,256,269.98
Lenovo,14,8,128,315
Dell,15.6,32,1000,1641.99
MSI,15.66,32,1000,1599
MSI,15.6,32,1000,1699
ROKC,14,8,1000,589.99
Dell,16,16,2000,1359.21
lenovo,12.5,8,256,469.99
ASUS,15.6,8,512,1199
Dell,13.3,16,1000,890.99
Apple,13.3,8,128,689.95
ROKC,15.6,20,1152,389.99
HP,14,16,64,389.99
HP,15.6,16,1000,459.99
HP,17,8,256,589
Dell,15.6,16,512,1094.99
Dell,15.6,32,1000,2193.98
MSI,14,8,128,535.88
HP,15.6,64,1000,999.99
ROKC,15.6,20,1000,639.99
DELL,16,32,1000,899.99
MSI,15.66,32,1000,1599
MSI,15.6,32,1000,1699
ROKC,14,8,1000,589.99
Lenovo,15.6,20,512,585.69
Dell,14,32,512,2220.88
Dell,15.6,16,1000,656.85
ROKC,15.6,20,1152,389.99
HP,14,16,64,389.99
HP,15.6,16,1000,459.99
Dell,14,16,512,861.48
Dell,16,16,512,1183.99
HP,15.6,64,1000,999.99
ROKC,15.6,20,1000,639.99
DELL,16,32,1000,899.99
MSI,15.66,32,1000,1599
MSI,15.6,32,1000,1699
ROKC,14,8,1000,589.99
Luqeeg,15.6,16,512,392.17
Lenovo,11.6,4,32,199.99
Lenovo,11.6,4,1000,407.88
Dell,11.6,4,128,525.83
ASUS,13.3,1,512,1499
ROKC,15.6,20,1152,389.99
HP,14,16,64,389.99
HP,15.6,16,1000,459.99
Dell,15.6,8,256,660
Dell,13.3,8,128,1179.81
Dell,15.6,64,1000,1788.99
acer,14,16,1000,999
Dell,15,16,512,1715.99
HP,15.6,64,1000,999.99
ROKC,15.6,20,1000,639.99
DELL,16,32,1000,899.99
MSI,15.66,32,1000,1599
MSI,15.6,32,1000,1699
ROKC,14,8,1000,589.99
Dell,14,16,512,1457
Dell,16,32,1000,1887.62
ASUS,15.6,16,1256,1999
Dell,14,8,128,286.43
Lenovo,14,16,256,849
Dell,14,16,512,808.55
Dell,14,16,512,799.99
ROKC,15.6,20,1152,389.99
HP,14,16,64,389.99
HP,15.6,16,1000,459.99
Dell,14,16,256,1899
Dell,14,32,512,1225.48
Lenovo,14,8,256,1299
HP,14,8,256,586.14
HP,15.6,64,1000,999.99
ROKC,15.6,20,1000,639.99
DELL,16,32,1000,899.99
MSI,15.66,32,1000,1599
MSI,15.6,32,1000,1699
ROKC,14,8,1000,589.99
Lenovo,14,8,1000,299
Dell,13,16,256,738.79
MICROTELLA,15.6,8,256,749.99
Dell,17.3,32,1000,1689.18
ROKC,15.6,20,1152,389.99
HP,14,16,64,389.99
HP,15.6,16,1000,459.99
Lenovo,14,8,256,799
HP,16,32,1000,1548.38
Dell,14,8,1000,889.99
Dell,15.6,32,1000,1399.95
HP,15.6,64,1000,999.99
ROKC,15.6,20,1000,639.99
DELL,16,32,1000,899.99
MSI,15.66,32,1000,1599
MSI,15.6,32,1000,1699
ROKC,14,8,1000,589.99
Lenovo,14,8,1000,499
Lenovo,15.6,8,1000,587.55
Dell,13.3,8,256,656.52
Dell,13.3,32,1000,1685.69
ROKC,15.6,20,1152,389.99
HP,14,16,64,389.99
HP,15.6,16,1000,459.99
Dell,15.6,32,2000,1037.99
HP,15.6,64,1000,999.99
ROKC,15.6,20,1000,639.99
DELL,16,32,1000,899.99
MSI,15.66,32,1000,1599
MSI,15.6,32,1000,1699
ROKC,14,8,1000,589.99
Dell,16,24,1000,1245.99
Gigabyte,15,32,512,1199.99
Dell,15.6,8,256,409
Lenovo,15.6,16,512,2130.16
Lenovo,14,16,512,1615.85
ASUS,15.6,16,512,1229.99
ROKC,15.6,20,1152,389.99
HP,14,16,64,389.99
HP,15.6,16,1000,459.99
Dell,14,16,512,1274.77
Dell,15.6,16,512,1637.99
HP,15.6,64,1000,999.99
ROKC,15.6,20,1000,639.99
DELL,16,32,1000,899.99
MSI,15.66,32,1000,1599
MSI,15.6,32,1000,1699
ROKC,14,8,1000,589.99
Lenovo,14,16,512,2069.66
Dell,15.6,16,512,1299.95
Dell,15.6,64,2000,2149.99
Dell,13.3,4,500,198.98
Lenovo,13.3,16,512,999.99
ROKC,15.6,20,1152,389.99
HP,14,16,64,389.99
HP,15.6,16,1000,459.99
Dell,14,32,1000,1046.99
Dell,14,64,1000,988.99
Dell,12,8,1000,899.99
Lenovo,13.3,8,256,1049
Dell,15,16,512,1046.99
Dell,15.6,16,1000,1827.99
HP,15.6,64,1000,999.99
ROKC,15.6,20,1000,639.99
DELL,16,32,1000,899.99
MSI,15.66,32,1000,1599
MSI,15.6,32,1000,1699
ROKC,14,8,1000,589.99
Dell,14,16,256,988.99
ROKC,15.6,20,1152,389.99
HP,14,16,64,389.99
HP,15.6,16,1000,459.99
Lenovo,12.5,4,128,899.99
Dell,17.3,64,512,2051.37
Dell,15.6,16,256,843.99
Dell,11.6,8,256,1012.84
Dell,15.6,16,512,1657.99
Dell,15.6,16,512,1102.99
HP,15.6,64,1000,999.99
ROKC,15.6,20,1000,639.99
DELL,16,32,1000,899.99
MSI,15.66,32,1000,1599
MSI,15.6,32,1000,1699
ROKC,14,8,1000,589.99
Dell,15.6,16,256,877.99
Dell,11.6,4,1000,195.97
hp,15.6,16,512,1999
ROKC,15.6,20,1152,389.99
HP,14,16,64,389.99
HP,15.6,16,1000,459.99
MSI,15.66,32,1000,1599
MSI,15.6,32,1000,1699
ROKC,14,8,1000,589.99
Lenovo,14,24,1000,1599
LG,14,16,1000,1635.99
Dell,15.6,64,512,1999
ROKC,15.6,20,1152,389.99
HP,14,16,64,389.99
HP,15.6,16,1000,459.99
Dell,14,32,2000,2076.4
Dell,17.3,16,2000,1699
Dell,13.3,16,256,731.97
Lenovo,14,8,256,1059
Dell,14,16,512,1354.99
Dell,13.3,16,512,1540.99
HP,15.6,64,1000,999.99
ROKC,15.6,20,1000,639.99
DELL,16,32,1000,899.99
MSI,15.66,32,1000,1599
MSI,15.6,32,1000,1699
ROKC,14,8,1000,589.99
Dell,15.6,16,1000,656.85
Dell,15.6,8,512,1703.99
Alienware,15.6,16,1000,1799.95
Dell,13.3,8,1000,756.99
Dell,16,16,512,702.99
Lenovo,14,8,256,374.99
ROKC,15.6,20,1152,389.99
HP,14,16,64,389.99
HP,15.6,16,1000,459.99
Lenovo,13.3,8,256,859
Dell,15.6,32,1000,678.08
Dell,14,16,512,841.99
Dell,15.6,16,512,1347.47
HP,15.6,64,1000,999.99
ROKC,15.6,20,1000,639.99
DELL,16,32,1000,899.99
MSI,15.66,32,1000,1599
MSI,15.6,32,1000,1699
ROKC,14,8,1000,589.99
Dell,13.3,16,256,730.99
Dell,14,16,1000,941.99
Dell,15.6,8,256,976.99
Dell,15.6,32,1000,1599.95
Dell,13.4,32,2000,1350.99
Lenovo,15.6,24,1000,1094.99
ROKC,15.6,20,1152,389.99
HP,14,16,64,389.99
HP,15.6,16,1000,459.99
Dell,15.6,16,512,1399.95
Dell,14,32,32,880.62
Dell,14,16,512,800.19
Dell,14,64,1000,1134.49
Lenovo,14,16,512,950.77
Dell,15.6,8,256,628.99
HP,15.6,64,1000,999.99
ROKC,15.6,20,1000,639.99
DELL,16,32,1000,899.99
MSI,15.66,32,1000,1599
MSI,15.6,32,1000,1699
ROKC,14,8,1000,589.99
HP,14,1,1000,1194.77
Dell,14,16,1000,2086.99
Dell,15.6,16,512,1799
Lenovo,17.3,8,128,686.9
ASUS,15.6,16,1000,1999.99
Dell,16,32,1000,925.99
Dell,15.6,16,1000,1799.81
ROKC,15.6,20,1152,389.99
HP,14,16,64,389.99
HP,15.6,16,1000,459.99
dell,15.6,8,1000,725
Dell,15.6,16,512,1499.95
ASUS,14,8,512,1099
HP,15.6,64,1000,999.99
ROKC,15.6,20,1000,639.99
DELL,16,32,1000,899.99
MSI,15.66,32,1000,1599
MSI,15.6,32,1000,1699
ROKC,14,8,1000,589.99
Lenovo,14,16,1000,979.99
Lenovo,15.6,8,0,599
Dell,13.3,8,256,683.99
Lenovo,14,16,1000,695.77
Lenovo,16,16,512,1799
ROKC,15.6,20,1152,389.99
HP,14,16,64,389.99
HP,15.6,16,1000,459.99
acer,15.6,4,32,258.9
Dell,15.6,32,1000,1038.28
ASUS,15.6,32,1000,2099.99
Dell,16,32,1000,765.11
HP,15.6,64,1000,999.99
ROKC,15.6,20,1000,639.99
DELL,16,32,1000,899.99
MSI,15.66,32,1000,1599
MSI,15.6,32,1000,1699
ROKC,14,8,1000,589.99
lenovo,13.3,8,256,1399.99
Dell,15.6,32,1000,1805.99
Dell,15.6,8,512,1012.99
Dell,15.6,16,512,1068.99
DELL,13.3,8,1000,839.99
Lenovo,14,16,256,1220.99
Dell,14,32,1000,1773.99
ROKC,15.6,20,1152,389.99
HP,14,16,64,389.99
HP,15.6,16,1000,459.99
Dell,15.6,32,2000,1031.99
Dell,16,32,512,911.99
Dell,15.6,8,256,919.99
Dell,13.3,16,256,692.99
Dell,13.3,16,1000,1275.81
HP,15.6,64,1000,999.99
ROKC,15.6,20,1000,639.99
DELL,16,32,1000,899.99
MSI,15.66,32,1000,1599
MSI,15.6,32,1000,1699
ROKC,14,8,1000,589.99
ROKC,14,12,512,469.99
HP,13.3,16,1000,1341.77
Dell,15.6,16,256,1690.99
MSI,14,16,512,936.79
Dell,15.6,32,512,1424.99
ROKC,15.6,20,1152,389.99
HP,14,16,64,389.99
HP,15.6,16,1000,459.99
Dell,17.3,32,1000,2220.99
Dell,14,16,256,956.99
Lenovo,14,8,256,699.99
hp,14,4,1000,339
Dell,13.3,8,1000,963.72
HP,15.6,64,1000,999.99
ROKC,15.6,20,1000,639.99
DELL,16,32,1000,899.99
MSI,15.66,32,1000,1599
MSI,15.6,32,1000,1699
ROKC,14,8,1000,589.99
Dell,13.3,16,512,1102.99
Dell,15.6,32,1000,677.99
Dell,15.6,8,256,368.98
Dell,17.3,32,512,1744.99
Lenovo,11.6,4,1000,369
ROKC,15.6,20,1152,389.99
HP,14,16,64,389.99
HP,15.6,16,1000,459.99
HP,15.6,6,1000,399
HP,15.6,16,512,1296
Dell,13,16,512,1999
Dell,13.3,16,512,1699
Dell,15.6,64,1000,1786.59
Dell,14,32,1000,1929.95
Dell,18,16,1000,2214.99
Dell,14,64,2000,1689.99
HP,15.6,64,1000,999.99
ROKC,15.6,20,1000,639.99
DELL,16,32,1000,899.99
MSI,15.66,32,1000,1599
MSI,15.6,32,1000,1699
ROKC,14,8,1000,589.99
Lenovo,14,16,512,1099
Dell,15.6,8,512,1293.59
Dell,16,16,1000,1799
HP,11.6,2,1000,228
ROKC,15.6,20,1152,389.99
HP,14,16,64,389.99
HP,15.6,16,1000,459.99
Dell,15.6,32,1000,1799.95
Dell,13,16,256,1030.99
HP,15.6,8,1000,1699
HP,15.6,64,1000,999.99
ROKC,15.6,20,1000,639.99
DELL,16,32,1000,899.99
MSI,15.66,32,1000,1599
MSI,15.6,32,1000,1699
ROKC,14,8,1000,589.99
Dell,17.3,16,256,1657.21
MSI,15.6,16,1000,928.68
Dell,15.6,16,512,751.06
ASUS,14,16,512,1799
ROKC,15.6,20,1152,389.99
HP,14,16,64,389.99
HP,15.6,16,1000,459.99
Lenovo,14,8,256,949
Dell,11.6,16,256,1159.95
Lenovo,13.3,16,512,1799
Dell,13.3,8,256,658.99
Dell,14,16,512,787.99
HP,13.3,8,256,1399
Dell,17.3,32,1000,1799.95
HP,15.6,64,1000,999.99
ROKC,15.6,20,1000,639.99
DELL,16,32,1000,899.99
MSI,15.66,32,1000,1599
MSI,15.6,32,1000,1699
ROKC,14,8,1000,589.99
Dell,15.07458908761577,16,1000,1790.16
Dell,15.6,64,1000,753.11
Dell,15.6,16,1000,1169.77
Dell,15.6,8,256,533.02
Lenovo,14,4,256,750
ROKC,15.6,20,1152,389.99
HP,14,16,64,389.99
HP,15.6,16,1000,459.99
Dell,13.4,32,512,1799
HP,16,16,256,1764.96
HP,16,16,2000,1899
HP,15.6,12,1000,470.04
Dell,13.3,8,512,730.99
HP,15.6,64,1000,999.99
ROKC,15.6,20,1000,639.99
DELL,16,32,1000,899.99
MSI,15.66,32,1000,1599
MSI,15.6,32,1000,1699
ROKC,14,8,1000,589.99
Dell,13.3,8,512,730.99
Dell,15.6,16,512,412.98
HP,13.3,8,256,929
acer,15.6,16,1000,1829.99
Dell,14,8,256,672.99
ROKC,15.6,20,1152,389.99
HP,14,16,64,389.99
HP,15.6,64,1000,999.99
HP,12.5,16,1000,322.98
acer,15.6,8,256,1399
Dell,13.3,16,256,843.99
HP,15.6,16,1000,459.99
DELL,16,32,1000,899.99
ROKC,15.6,20,1000,639.99
MSI,15.66,32,1000,1599
MSI,15.6,32,1000,1699
ROKC,14,8,1000,589.99
Dell,15.6,8,256,877.99
Dell,15.6,32,1024,1429.99
Dell,17.3,32,1000,1778.99
Dell,15.6,16,512,943.69
Lenovo,14,4,500,377.91
Dell,16,8,2000,1421.99
ASUS,15.6,8,512,1999
ROKC,15.6,20,1152,389.99
HP,14,16,64,389.99
HP,15.6,16,1000,459.99
Dell,15.6,16,1000,649.99
ROKC,15.6,20,640,389.99
Dell,14,16,512,823.99
Dell,13,16,256,1030.99
Dell,14,16,256,1056.99
HP,14,16,1000,319.98
HP,15.6,64,1000,999.99
ROKC,15.6,20,1000,639.99
DELL,16,32,1000,899.99
MSI,15.66,32,1000,1599
MSI,15.6,32,1000,1699
ROKC,14,8,1000,589.99
LENOVO,16,16,1000,1304.1
Dell,14,8,256,1499
Dell,14,8,256,899.95
Dell,15.6,32,1000,975
HP,15.6,16,1000,2199
ROKC,15.6,20,1152,389.99
HP,14,16,64,389.99
HP,15.6,16,1000,459.99
Dell,15.6,16,256,1162.99
HP,15.07458908761577,16,1000,1462.07
HP,15.6,64,1000,999.99
ROKC,15.6,20,1000,639.99
DELL,16,32,1000,899.99
MSI,15.66,32,1000,1599
MSI,15.6,32,1000,1699
ROKC,14,8,1000,589.99
Dell,14,32,512,1009.99
ASUS,15.6,8,512,1199
Dell,14,64,1000,1470.99
Dell,15.6,16,256,508.99
HP,16,16,1000,1351.42
HP,14,4,32,473.22
ROKC,15.6,20,1152,389.99
HP,14,16,64,389.99
HP,15.6,16,1000,459.99
Dell,15.6,32,512,1764.99
Dell,15.6,16,1000,919.99
MAINGEAR,17.3,32,1000,2000.07
HP,15.6,64,1000,999.99
ROKC,15.6,20,1000,639.99
DELL,16,32,1000,899.99
MSI,15.66,32,1000,1599
MSI,15.6,32,1000,1699
ROKC,14,8,1000,589.99
Dell,13.3,8,256,680
ROKC,15.6,20,1152,389.99
HP,14,16,64,389.99
HP,15.6,16,1000,459.99
Dell,15.6,8,500,959.99
LG,16,16,1000,1299.99
Dell,16,32,1000,1599
Lenovo,13.3,8,256,800
Dell,13.3,8,1000,1087.37
HP,15.6,64,1000,999.99
ROKC,15.6,20,1000,639.99
DELL,16,32,1000,899.99
MSI,15.66,32,1000,1599
MSI,15.6,32,1000,1699
ROKC,14,8,1000,589.99
Dell,13,16,128,1568.39
MSI,15.6,16,1000,1299
Dell,14,32,512,1513.99
Dell,15.6,16,512,975.99
Dell,16,32,1000,1681.34
ROKC,15.6,20,1152,389.99
HP,14,16,64,389.99
HP,15.6,16,1000,459.99
MSI,15.66,32,1000,1599
MSI,15.6,32,1000,1699
ROKC,14,8,1000,589.99
Dell,13.3,32,2000,1074.99
Dell,15.6,12,256,981.99
Dell,13.3,16,512,1273.99
Dell,13.3,32,1000,966.99
Lenovo,15.6,16,512,749.95
ROKC,15.6,20,1152,389.99
HP,14,16,64,389.99
HP,15.6,16,1000,459.99
Dell,15.6,32,1000,1499
MSI,15.6,16,1000,1799
Dell,15.6,16,512,2192.99
HP,15.6,64,1000,999.99
ROKC,15.6,20,1000,639.99
DELL,16,32,1000,899.99
MSI,15.66,32,1000,1599
MSI,15.6,32,1000,1699
ROKC,14,8,1000,589.99
Dell,15.6,4,128,334.99
SHOXLAB,15.6,32,1000,1479
MSI,15.6,16,1000,2199
Lenovo,15.6,8,512,714
ROKC,15.6,20,1152,389.99
HP,14,16,64,389.99
HP,15.6,16,1000,459.99
acer,13.3,4,64,209.99
Alienware,13.3,16,512,1649.95
Dell,17,32,512,2188.3
Dell,14,64,1000,959.99
Dell,14,16,512,1195
Dell,14,16,256,1725.99
HP,15.6,64,1000,999.99
ROKC,15.6,20,1000,639.99
DELL,16,32,1000,899.99
MSI,15.66,32,1000,1599
MSI,15.6,32,1000,1699
ROKC,14,8,1000,589.99
Lenovo,14,16,512,869.99
Dell,14,8,256,724.99
MSI,15.66,32,1000,1599
MSI,15.6,32,1000,1699
ROKC,14,8,1000,589.99
Dell,14,16,512,1681.96
Dell,15.6,8,256,1385.56
Dell,13.3,16,256,1299.99
Dell,14,32,2000,1599
Dell,14,16,1000,1222.99
Dell,14,16,256,980.99
Dell,17.3,32,512,1744.99
Dell,13.3,8,1000,1199.81
ROKC,15.6,20,1152,389.99
MSI,15.66,32,1000,1599
MSI,15.6,32,1000,1699
ROKC,14,8,1000,589.99
Dell,17.3,32,512,1744.99
Dell,13.3,8,1000,1199.81
Dell,15.6,16,2000,1853.99
Dell,13.3,16,256,1493.99
Dell,14,16,512,2099
Dell,15.6,8,1000,899.81
ROKC,15.6,20,1152,389.99
HP,14,16,64,389.99
HP,15.6,16,1000,459.99
Dell,14,8,512,899.99
Lenovo,15.6,8,256,550
Lenovo,14,16,512,1049
HP,15.6,64,1000,999.99
ROKC,15.6,20,1000,639.99
DELL,16,32,1000,899.99
MSI,15.66,32,1000,1599
MSI,15.6,32,1000,1699
ROKC,14,8,1000,589.99
Lenovo,14,16,512,1049
Dell,15.6,64,2000,1799.81
HP,11.6,8,256,657.24
Dell,13.4,16,1000,1304.99
Lenovo,14,16,256,1339.24
acer,14,16,256,925
Lenovo,14,8,1000,699
ROKC,15.6,20,1152,389.99
HP,14,16,64,389.99
HP,15.6,16,1000,459.99
MSI,15.66,32,1000,1599
MSI,15.6,32,1000,1699
ROKC,14,8,1000,589.99
MSI,15.66,32,1000,1599
MSI,15.6,32,1000,1699
ROKC,14,8,1000,589.99
Dell,15.6,64,1000,1718.99
Lenovo,15.6,16,1000,1799.99
Dell,14,16,256,627.99
Gigabyte,15.6,16,512,698.25
Dell,14,16,256,1185.77
MSI,15.66,32,1000,1599
MSI,15.6,32,1000,1699
ROKC,14,8,1000,589.99
ASUS,15.6,4,500,380.09
MSI,15.66,32,1000,1599
MSI,15.6,32,1000,1699
ROKC,14,8,1000,589.99
Dell,13.3,8,256,783.16
Dell,14,16,256,1299.95
Dell,14,16,512,1985.86
LG,17,8,256,1099
Dell,13.3,16,256,807.99
Dell,14,16,256,1050.66
ROKC,15.6,20,1152,389.99
HP,14,16,64,389.99
HP,15.6,16,1000,459.99
Dell,14,32,512,1238.73
Dell,15.6,32,1000,1680.99
Dell,16,16,1000,931.99
Dell,16,64,1000,1006.99
Dell,14,8,512,633.99
HP,15.6,64,1000,999.99
ROKC,15.6,20,1000,639.99
DELL,16,32,1000,899.99
MSI,15.66,32,1000,1599
MSI,15.6,32,1000,1699
ROKC,14,8,1000,589.99
MSI,15.66,32,1000,1599
MSI,15.6,32,1000,1699
ROKC,14,8,1000,589.99
Dell,13,16,256,749.99
Dell,15.6,8,256,1299.81
Dell,14,16,1000,834.99
ROKC,15.6,20,1152,389.99
HP,14,16,64,389.99
HP,15.6,16,1000,459.99
Dell,15.6,16,256,579.99
Dell,13.3,16,512,781.99
Lenovo,15.07458908761577,16,1000,1499
Lenovo,14,8,256,1999
Dell,13.3,16,512,708.99
HP,15.6,16,512,979
Dell,14.1,8,1000,389
HP,15.6,64,1000,999.99
ROKC,15.6,20,1000,639.99
DELL,16,32,1000,899.99
MSI,15.66,32,1000,1599
MSI,15.6,32,1000,1699
ROKC,14,8,1000,589.99
Dell,14,16,256,524
Lenovo,15.6,16,256,422
Dell,14,64,2000,1381.99
Dell,14,32,1000,877.99
Lenovo,14,16,512,1102.77
Dell,15.6,16,1000,1169.81
ROKC,15.6,20,1152,389.99
HP,14,16,64,389.99
HP,15.6,16,1000,459.99
Dell,16,32,2000,989.99
Tocosy,11.6,4,64,229
Lenovo,14,8,500,399
HP,15.6,64,1000,999.99
ROKC,15.6,20,1000,639.99
DELL,16,32,1000,899.99
MSI,15.66,32,1000,1599
MSI,15.6,32,1000,1699
ROKC,14,8,1000,589.99
MSI,15.66,32,1000,1599
MSI,15.6,32,1000,1699
ROKC,14,8,1000,589.99
Dell,15.6,16,2000,1752.99
Dell,15.6,16,512,1005.99
Dell,14,16,512,959.99
HP,15,32,1000,1299
ROKC,15.6,20,1152,389.99
MSI,15.66,32,1000,1599
MSI,15.6,32,1000,1699
ROKC,14,8,1000,589.99
Dell,15.6,8,1000,210
Dell,13.3,8,256,999
Dell,13.3,8,256,899.81
ROKC,15.6,20,1152,389.99
HP,14,16,64,389.99
HP,15.6,16,1000,459.99
Lenovo,15.6,16,512,1047.99
ASUS,13.3,16,512,1299
Dell,15.6,16,256,877.99
Dell,13.3,8,512,1217.99
HP,15.6,64,1000,999.99
ROKC,15.6,20,1000,639.99
DELL,16,32,1000,899.99
MSI,15.66,32,1000,1599
MSI,15.6,32,1000,1699
ROKC,14,8,1000,589.99
Dell,15,16,256,1359.99
Dell,13.4,16,512,1041.99
HP,15.6,16,1000,1999
Dell,15.6,16,512,1661.99
MSI,15.66,32,1000,1599
MSI,15.6,32,1000,1699
ROKC,14,8,1000,589.99
Lenovo,14,16,512,835.99
Dell,14,16,1000,847.99
MSI,15.66,32,1000,1599
MSI,15.6,32,1000,1699
ROKC,14,8,1000,589.99
Dell,16,16,1000,853.99
HP,11.6,8,128,218.98
Dell,14,32,2000,1328.99
Gigabyte,15.6,16,512,1749
Dell,13,16,512,764.99
ROKC,15.6,20,1152,389.99
HP,14,16,64,389.99
HP,15.6,16,1000,459.99
Dell,17,32,1000,1778.99
Lenovo,15.6,16,500,377.3
HP,15.6,16,1000,899
Lenovo,15,8,1000,589.97
Dell,15,32,1000,973.99
Dell,15.6,32,1000,2061.99
HP,15.6,64,1000,999.99
ROKC,15.6,20,1000,639.99
DELL,16,32,1000,899.99
MSI,15.66,32,1000,1599
MSI,15.6,32,1000,1699
ROKC,14,8,1000,589.99
HP,16,16,512,1695.41
acer,11.6,4,32,529.53
Dell,13.4,32,2000,1350.99
Dell,15.6,4,500,260
Dell,15.6,16,1000,1386.99
HP,13.5,16,512,2199
Dell,13,16,256,999.99
Dell,15.6,16,512,1303.23
MSI,15.66,32,1000,1599
MSI,15.6,32,1000,1699
ROKC,14,8,1000,589.99
Dell,14,32,512,1783.99
Lenovo,15.6,8,256,1033.23
Dell,15.6,16,1000,888.99
ROKC,15.6,20,1152,389.99
HP,14,16,64,389.99
HP,15.6,16,1000,459.99
LG,15.6,8,1000,1349
Lenovo,15.6,8,256,1188.2
MSI,16,16,1000,1979
HP,15.6,64,1000,999.99
ROKC,15.6,20,1000,639.99
DELL,16,32,1000,899.99
MSI,15.66,32,1000,1599
MSI,15.6,32,1000,1699
ROKC,14,8,1000,589.99
Dell,15.6,16,1000,1999
Dell,15,8,256,860.99
Lenovo,13.9,8,256,359.91
Dell,14,16,512,799.99
ROKC,15.6,20,1152,389.99
HP,14,16,64,389.99
HP,15.6,16,1000,459.99
Dell,14,32,1000,1599.99
Dell,14,16,512,913.99
Dell,14,32,512,998.99
Dell,14,16,512,915.99
HP,15.6,64,1000,999.99
ROKC,15.6,20,1000,639.99
DELL,16,32,1000,899.99
MSI,15.66,32,1000,1599
MSI,15.6,32,1000,1699
ROKC,14,8,1000,589.99
Dell,14,16,512,801.99
Alienware,15.6,8,1000,999.95
Dell,15.6,16,256,399
Alienware,15.6,16,512,1199.95
Dell,13.3,8,256,1499
ROKC,15.6,20,1152,389.99
HP,14,16,64,389.99
HP,15.6,16,1000,459.99
Lenovo,15.6,16,512,1999
Dell,12.5,4,500,715.98
MSI,15.66,32,1000,1599
MSI,15.6,32,1000,1699
ROKC,14,8,1000,589.99
Dell,14,8,512,669
Dell,15.6,8,500,292.9
HP,13.3,8,128,399.99
SAMSUNG,11.6,2,16,169
ASUS,15.6,16,1000,1999
HP,14,16,512,999.9
Lenovo,15.6,16,1000,1798.95
ROKC,15.6,20,1152,389.99
HP,14,16,64,389.99
HP,15.6,16,1000,459.99
Dell,14,8,256,764.99
Dell,14,16,512,1182.71
Dell,13.3,16,256,1799
HP,17.3,16,500,401.98
ASUS,12.5,8,256,999
Dell,13.3,16,1000,797.99
HP,15.6,64,1000,999.99
ROKC,15.6,20,1000,639.99
DELL,16,32,1000,899.99
MSI,15.66,32,1000,1599
MSI,15.6,32,1000,1699
ROKC,14,8,1000,589.99
HP,13,8,1000,1099
Lenovo,15.6,8,128,499.99
asus,15.6,8,256,1699
Dell,15.6,16,1000,797.99
ASUS,15.6,12,512,1499
Dell,14,8,256,289.95
Dell,15.6,16,512,1637.99
Dell,15.6,16,256,1465.99
ROKC,15.6,20,1152,389.99
HP,14,16,64,389.99
HP,15.6,16,1000,459.99
Dell,13.3,16,512,2099
Dell,17,16,512,2145.99
HP,16,16,256,1646.99
HP,15.6,64,1000,999.99
ROKC,15.6,20,1000,639.99
DELL,16,32,1000,899.99
MSI,15.66,32,1000,1599
MSI,15.6,32,1000,1699
ROKC,14,8,1000,589.99
MSI,15.6,16,512,1999
ASUS,13.3,16,256,1499
DELL,15.6,16,1000,1699
Dell,14,16,512,1472.99
HP,15.6,8,64,289.99
ROKC,15.6,20,1152,389.99
HP,14,16,64,389.99
HP,15.6,16,1000,459.99
Dell,14,16,1000,1796.99
Dell,15.6,16,512,943.69
ROKC,13.3,16,1000,749.99
Dell,14,8,512,789.42
Dell,13.4,16,512,1647.3
HP,17.3,12,512,713.49
acer,15.6,64,2048,1086.16
Dell,15.6,16,1000,1828.44
HP,15.6,64,1000,999.99
MSI,15.66,32,1000,1599
MSI,15.6,32,1000,1699
ROKC,14,8,1000,589.99
Dell,15.6,32,2000,1037.99
Dell,14,8,256,928.99
Dell,15.6,32,2000,1038.28
ROKC,15.6,20,1152,389.99
HP,14,16,64,389.99
HP,15.6,16,1000,459.99
Dell,15.6,32,2000,1409.99
Dell,15.6,32,1000,739.99
MSI,17.3,16,1000,1999
MSI,15.66,32,1000,1599
MSI,15.6,32,1000,1699
ROKC,14,8,1000,589.99
Dell,15.6,8,1000,885.99
Dell,13.4,32,1000,1865.99
Dell,15.6,64,2000,1021.99
Microsoft,12.4,8,256,689.99
ROKC,15.6,20,1152,389.99
HP,14,16,64,389.99
HP,15.6,16,1000,459.99
Dell,15.6,32,256,910.99
Lenovo,15.6,8,512,549.99
XAMMUE,13,16,1000,1219.99
Dell,15.6,64,512,1751.99
HP,15.6,64,1000,999.99
ROKC,15.6,20,1000,639.99
MSI,15.66,32,1000,1599
MSI,15.6,32,1000,1699
ROKC,14,8,1000,589.99
Dell,17.3,16,1000,2004.99
Dell,13.3,16,512,900.89
HP,15.6,20,1000,889.99
Dell,17,16,512,1929.99
Dell,17,16,1000,2178.99
ROKC,15.6,20,1152,389.99
HP,14,16,64,389.99
HP,15.6,16,1000,459.99
Dell,15.6,32,512,1999.99
Dell,13,16,128,1606.99
Lenovo,15.6,8,1000,290.98
HP,15.6,64,1000,999.99
ROKC,15.6,20,1000,639.99
DELL,16,32,1000,899.99
MSI,15.66,32,1000,1599
MSI,15.6,32,1000,1699
ROKC,14,8,1000,589.99
Acer,15.07458908761577,16,1000,1729.98
HP,15.6,4,500,449.99
MSI,15.66,32,1000,1599
MSI,15.6,32,1000,1699
ROKC,14,8,1000,589.99
HP,13.3,8,512,1899
SAMSUNG,11.6,4,1000,289
lenovo,15.6,12,1000,499
Lenovo,14,2,32,239
Dell,11.6,4,32,299
Alienware,17,16,512,1699.95
ROKC,15.6,20,1152,389.99
HP,14,16,64,389.99
HP,15.6,16,1000,459.99
MSI,15.66,32,1000,1599
MSI,15.6,32,1000,1699
ROKC,14,8,1000,589.99
Dell,15.6,8,1000,799
Dell,15.6,8,256,1499.81
HP,15.6,16,512,1999
Alienware,15.6,16,128,1599.95
ASUS,15.6,8,256,1399
Lenovo,12.5,8,128,419
acer,15.6,8,256,659.98
Dell,15.6,16,1000,1373.29
ROKC,15.6,20,1152,389.99
HP,14,16,64,389.99
HP,15.6,16,1000,459.99
acer,15.6,4,128,415.98
Alienware,15.6,16,1000,2099
Dell,15.6,16,256,849.95
Lenovo,11.6,32,32,320
acer,15.6,8,256,511.92
Lenovo,15.6,8,1000,458.8
HP,14,4,128,439
HP,15.6,64,1000,999.99
ROKC,15.6,20,1000,639.99
DELL,16,32,1000,899.99
MSI,15.66,32,1000,1599
MSI,15.6,32,1000,1699
ROKC,14,8,1000,589.99
ASUS,17.3,16,1000,1999
Lenovo,11.6,8,128,224.99
ASUS,13.9,16,512,1699
Apple,15.4,16,256,1649.95
acer,14,4,128,419.98
ASUS,14,16,512,1599
acer,15.6,4,128,429.98
HP,15.6,16,512,1999
ROKC,15.6,20,1152,389.99
HP,14,16,64,389.99
HP,15.6,16,1000,459.99
acer,14,4,128,405.98
Apple,13,8,128,1248
HP,15.6,16,1000,1299
Dell,13.3,8,128,724.81
Lenovo,15.6,8,512,659.9
HP,15.6,64,1000,999.99
ROKC,15.6,20,1000,639.99
DELL,16,32,1000,899.99
MSI,15.66,32,1000,1599
MSI,15.6,32,1000,1699
ROKC,14,8,1000,589.99
ASUS,15.6,8,256,1499
Lenovo,14,8,512,499
TOPOSH,15.07458908761577,8,1000,179
MSI,15.66,32,1000,1599
MSI,15.6,32,1000,1699
ROKC,14,8,1000,589.99
Dell,15.6,32,1000,1799.81
Dell,15.6,32,256,745.99
HP,15.6,8,128,429.99
Dell,15.6,16,1000,1071
ROKC,15.6,20,1152,389.99
HP,14,16,64,389.99
HP,15.6,16,1000,459.99
Dell,15.6,64,512,1799.09
MSI,15.66,32,1000,1599
MSI,15.6,32,1000,1699
ROKC,14,8,1000,589.99
Dell,16,40,1000,1281.52
Dell,14,16,512,1552.3
Dell,15.6,32,1000,1996.29
Dell,16,24,1000,1251.66
Dell,15.6,32,2000,1032.65
MSI,15.66,32,1000,1599
MSI,15.6,32,1000,1699
ROKC,14,8,1000,589.99
Dell,14,32,1000,1670.17
Dell,14,16,1000,1066.53
Dell,14,8,256,577.49
Dell,14,16,1000,871.03
Dell,14,16,256,1312.82
Dell,15.6,4,128,1898.56
MSI,15.66,32,1000,1599
MSI,15.6,32,1000,1699
ROKC,14,8,1000,589.99
Dell,14,8,256,633.42
Dell,13.3,32,1000,1715.63
Dell,13.3,4,1000,554.04
Dell,18,32,1000,2200.53
Dell,14,32,512,997.74
Dell,15.6,64,1000,2161.58
Dell,13.3,32,1000,1535.1
Dell,14,16,256,1420.42
ROKC,15.6,20,1152,389.99
HP,14,16,64,389.99
HP,15.6,16,1000,459.99
Dell,16,16,1000,1782.43
Dell,16,16,1000,1811.42
Dell,15.6,64,1000,1786.59
Dell,13.3,32,256,1944.65
Dell,14,32,256,1589.67
Dell,16,40,2000,1366.7
Dell,14,32,1000,1774.79
Dell,15.6,32,512,953.82
HP,15.6,64,1000,999.99
ROKC,15.6,20,1000,639.99
DELL,16,32,1000,899.99
MSI,15.66,32,1000,1599
MSI,15.6,32,1000,1699
ROKC,14,8,1000,589.99
Dell,15.6,16,1000,968.87
Dell,15.6,16,256,788.28
Dell,14,16,256,934.67
Dell,14,32,256,1096.11
MSI,15.66,32,1000,1599
MSI,15.6,32,1000,1699
ROKC,14,8,1000,589.99
Dell,15.6,32,2000,1032.65
Dell,14,32,512,1341.23
Dell,14,32,512,1238.73
Dell,15.6,16,1000,1296.33
Dell,15.6,16,1000,1493.99
Dell,16,24,512,1201.13
Dell,16,16,512,1168.52
ROKC,15.6,20,1152,389.99
HP,14,16,64,389.99
HP,15.6,16,1000,459.99
Dell,16,16,512,1168.52
Dell,16,24,1000,1246.6
Dell,16,40,1000,1297.89
Dell,15.6,16,512,1278.6
Dell,13.4,16,1000,1558.96
HP,15.6,64,1000,999.99
ROKC,15.6,20,1000,639.99
MSI,15.66,32,1000,1599
MSI,15.6,32,1000,1699
ROKC,14,8,1000,589.99
Dell,14,16,512,1230.13
Dell,15.6,8,256,672.21
Dell,14,16,256,1345.97
Dell,16,24,512,1201.13
Dell,13.3,8,512,2031.8
Dell,15.6,32,512,2134.2
Dell,13.3,32,512,1507.9
ROKC,15.6,20,1152,389.99
HP,14,16,64,389.99
HP,15.6,16,1000,459.99
Dell,13.3,16,256,1052.58
Dell,13,16,512,1341.66
Dell,16,16,512,1168.52
Dell,16,16,512,961.9
HP,15.6,64,1000,999.99
ROKC,15.6,20,1000,639.99
DELL,16,32,1000,899.99
MSI,15.66,32,1000,1599
MSI,15.6,32,1000,1699
ROKC,14,8,1000,589.99
Dell,16,40,2000,1359.21
Dell,16,24,1000,1244.23
Dell,16,24,512,1193.72
Dell,14,16,512,1230.13
Dell,15.6,64,128,736.85
Dell,15.6,32,2000,796.78
Dell,15.6,64,2000,822.44
ROKC,15.6,20,1152,389.99
HP,14,16,64,389.99
HP,15.6,16,1000,459.99
Dell,15.6,32,256,673.09
Dell,15.6,32,512,689.33
Dell,15.6,16,128,903.92
Dell,15.6,32,1000,1902.99
Dell,15.6,16,2000,1823.99
Dell,15.6,16,2000,715.58
Dell,15.6,8,512,928.99
Dell,14,8,1000,841.21
HP,15.6,64,1000,999.99
ROKC,15.6,20,1000,639.99
DELL,16,32,1000,899.99
MSI,15.66,32,1000,1599
MSI,15.6,32,1000,1699
ROKC,14,8,1000,589.99
Dell,15.6,64,2000,814.33
Dell,15.6,8,2000,694.33
Dell,15.6,16,1000,948.19
Dell,15.6,16,256,1623.99
Dell,14,16,512,1186.99
Dell,15.6,16,256,645.61
Dell,14,16,2000,1290.99
ROKC,15.6,20,1152,389.99
HP,14,16,64,389.99
HP,15.6,16,1000,459.99
Dell,15.6,32,1000,1806.99
Dell,15.6,64,512,715.99
Dell,15.6,16,512,1763.99
Dell,15.6,16,512,1770.99
Dell,15.6,16,128,634.37
Dell,14,16,256,1733.99
Dell,15.6,16,2000,999.99
Dell,15.6,16,512,1715.99
HP,15.6,64,1000,999.99
ROKC,15.6,20,1000,639.99
DELL,16,32,1000,899.99
MSI,15.66,32,1000,1599
MSI,15.6,32,1000,1699
ROKC,14,8,1000,589.99
Dell,14,8,512,1620.93
Dell,15.6,8,256,595.35
Dell,15.6,32,512,1764.99
Dell,15.6,64,512,1885.99
Dell,15.6,16,2000,755.61
Dell,15.6,32,2000,2020.99
Dell,15.6,16,256,878.37
Dell,14,8,512,807.99
ROKC,15.6,20,1152,389.99
HP,14,16,64,389.99
HP,15.6,16,1000,459.99
Dell,14,8,512,801.99
Dell,14,16,512,807.99
Dell,13.3,32,1000,1670.99
Dell,14,32,256,1015.99
Dell,15.6,32,512,959.45
Dell,15.6,64,512,763.99
Dell,15.6,32,512,1811.99
Dell,15.6,64,2000,865.7
HP,15.6,64,1000,999.99
MSI,15.66,32,1000,1599
MSI,15.6,32,1000,1699
ROKC,14,8,1000,589.99
Dell,15.6,16,2000,1816.99
Dell,14,16,1000,834.99
Dell,15.6,32,2000,1038.28
Dell,14,32,1000,1515.99
Dell,15.6,32,512,689.33
Dell,15.6,32,1000,993.99
Dell,15.6,16,2000,767.11
Dell,15.6,32,1000,827.99
Dell,14,8,2000,880.99
ROKC,15.6,20,1152,389.99
HP,14,16,64,389.99
HP,15.6,16,1000,459.99
MSI,15.66,32,1000,1599
MSI,15.6,32,1000,1699
ROKC,14,8,1000,589.99
Dell,15.6,16,500,619.39
Dell,14,32,2000,1137.99
Dell,15.6,16,512,1015.99
Dell,15.6,32,512,1819.99
Lenovo,14,4,2000,679.99
Dell,15.6,32,2000,1872.99
Dell,15.6,8,256,573.24
Dell,14,32,256,1011.25
Dell,15.6,32,512,2128.99
ROKC,15.6,20,1152,389.99
HP,14,16,64,389.99
HP,15.6,16,1000,459.99
Dell,14,16,512,807.99
Dell,14,32,256,1011.25
Dell,15.6,8,256,844.58
MSI,15.66,32,1000,1599
MSI,15.6,32,1000,1699
ROKC,14,8,1000,589.99
Dell,15.6,64,256,736.85
Dell,15.6,4,512,1574.99
Dell,15.6,16,1000,1860.99
Dell,15.6,64,2000,1993.99
Dell,14,16,1000,969.99
Dell,15.6,8,1000,931.3
Dell,15.6,32,1000,820.99
Dell,15.6,8,2000,977.47
Dell,15.6,32,2000,742.99
Dell,13.3,8,1000,803.99
ROKC,15.6,20,1152,389.99
HP,14,16,64,389.99
HP,15.6,16,1000,459.99
Dell,14,32,1000,1091.99
Dell,14,16,1000,1229.99
Dell,15.6,64,2000,877.88
Dell,15.6,16,512,1672.99
Dell,15.6,16,1000,953.82
Dell,13.3,16,2000,880.99
Dell,15.6,64,512,776.54
Dell,16,48,2000,1419.99
Dell,15.6,64,2000,1132.87
HP,15.6,64,1000,999.99
ROKC,15.6,20,1000,639.99
DELL,16,32,1000,899.99
MSI,15.66,32,1000,1599
MSI,15.6,32,1000,1699
ROKC,14,8,1000,589.99
Dell,15.6,16,512,898.64
Dell,14,16,256,764.99
Dell,13.3,16,256,839.99
Dell,15.6,16,128,878.37
Dell,15.6,64,2000,876.99
Dell,15.6,8,256,1655.99
Dell,15.6,64,1000,810.28
Dell,15.6,8,512,600.68
Dell,15.6,16,512,915.52
ROKC,15.6,20,1152,389.99
HP,14,16,64,389.99
HP,15.6,16,1000,459.99
Dell,15.6,64,512,716.83
Dell,15.6,32,256,1605.99
Dell,15.6,16,512,1102.99
Dell,15.6,8,512,658.99
Dell,15.6,32,512,700.58
Dell,15.6,32,512,1703.99
Dell,13.3,16,1000,834.99
Dell,14,12,256,602.47
HP,15.6,64,1000,999.99
ROKC,15.6,20,1000,639.99
DELL,16,32,1000,899.99
MSI,15.66,32,1000,1599
MSI,15.6,32,1000,1699
ROKC,14,8,1000,589.99
Dell,15.6,16,512,613.99
Dell,13.3,8,256,595.99
Dell,15.6,32,2000,1032.65
Dell,15.6,16,256,878.37
Dell,14,16,1000,840.99
Dell,14,16,512,801.99
Dell,14,16,2000,886.99
Dell,14,8,256,1122.99
Dell,14,16,512,1179.99
Dell,15.6,32,256,614.4
ROKC,15.6,20,1152,389.99
HP,14,16,64,389.99
HP,15.6,16,1000,459.99
Dell,14,8,256,765.75
Dell,13.3,8,256,739.99
Dell,13.3,16,512,900.89
Dell,15.6,32,256,916.66
Dell,15.6,16,512,923.99
Dell,15.6,16,512,921.16
Dell,15.6,16,256,844.58
HP,15.6,16,512,1049
Dell,15.6,32,512,688.99
Dell,14,16,256,764.99
HP,15.6,64,1000,999.99
ROKC,15.6,20,1000,639.99
DELL,16,32,1000,899.99
MSI,15.66,32,1000,1599
MSI,15.6,32,1000,1699
ROKC,14,8,1000,589.99
Dell,15.6,64,512,775.99
Dell,14,16,2000,880.99
Dell,13.3,8,256,576.99
Dell,15.6,4,512,891.88
Dell,15.6,16,2000,755.61
Dell,15.6,32,2000,877.99
Dell,15.6,64,256,735.99
Dell,15.6,64,2000,876.99
ROKC,15.6,20,1152,389.99
HP,14,16,64,389.99
HP,15.6,16,1000,459.99
Dell,16,16,1000,1459
Dell,13.3,16,512,730.99
Dell,15.6,64,128,735.99
Dell,15.6,16,512,1620.99
Dell,15.6,16,2000,1038.28
Dell,15.6,64,1000,1941.99
Dell,15.6,64,1000,2030.99
Dell,15.6,32,2000,1038.28
HP,15.6,64,1000,999.99
ROKC,15.6,20,1000,639.99
DELL,16,32,1000,899.99
MSI,15.66,32,1000,1599
MSI,15.6,32,1000,1699
ROKC,14,8,1000,589.99
Dell,15.6,64,2000,865.7
Dell,15.6,16,2000,994.35
Dell,14,32,2000,1552.99
Dell,15.6,32,128,660.99
Dell,15.6,64,1000,758.99
Dell,15.6,16,2000,754.99
Dell,15.6,16,500,618.99
Dell,15.6,16,1000,790.99
Dell,14,16,256,764.99
Dell,14,8,1000,840.99
Dell,15.6,32,512,773.99
Dell,15.6,8,512,648.11
ROKC,15.6,20,1152,389.99
HP,14,16,64,389.99
HP,15.6,16,1000,459.99
Dell,15.6,4,512,1574.99
Dell,14,32,256,841.99
Dell,14,16,256,1751.99
Dell,15.6,12,512,889.99
Dell,15.6,16,512,988.99
Dell,14,16,128,764.99
Dell,14,16,512,807.99
Dell,13.3,8,512,863.99
HP,15.6,64,1000,999.99
ROKC,15.6,20,1000,639.99
DELL,16,32,1000,899.99
MSI,15.66,32,1000,1599
MSI,15.6,32,1000,1699
ROKC,14,8,1000,589.99
Dell,14,32,512,1053.99
Dell,15.6,64,2000,813.99
Dell,15.6,64,2000,1138.5
Dell,15.6,16,512,915.52
Dell,15.6,32,2000,784.64
Dell,15.6,16,2000,1720.99
MSI,15.66,32,1000,1599
MSI,15.6,32,1000,1699
ROKC,14,8,1000,589.99
Dell,15.6,16,512,1672.99
Lenovo,15.6,8,2000,729.99
Dell,14,64,1000,1153.14
Dell,13.4,8,256,1225.99
Dell,15.6,8,2000,977.47
Dell,15.6,8,128,619.99
Dell,14,32,1000,922.99
Dell,15.6,32,512,1556.1
Lenovo,14,16,1000,1259
Dell,15.6,4,128,1563.99
MSI,15.66,32,1000,1599
MSI,15.6,32,1000,1699
ROKC,14,8,1000,589.99
acer,15.6,4,2000,759.99
Dell,16,32,1000,1439
MSI,15.66,32,1000,1599
MSI,15.6,32,1000,1699
ROKC,14,8,1000,589.99
Dell,15.6,32,256,613.99
Dell,14,16,512,1305.99
Dell,15.6,8,512,1373.99
Dell,15.6,32,2000,1865.99
Dell,15.6,16,512,1763.99
Dell,15.6,32,256,1725.99
Dell,15.6,64,512,1885.99
Dell,14,16,256,1751.99
Dell,13.3,16,256,1367.45
Dell,17.3,16,512,1951.52
ROKC,15.6,20,1152,389.99
HP,14,16,64,389.99
HP,15.6,16,1000,459.99
Dell,13.3,16,256,991.99
Dell,14,16,512,699.99
Dell,15.6,16,2000,1971.99
Dell,15.6,64,512,764.4
Dell,15.6,4,256,691.99
HP,15.6,64,1000,999.99
ROKC,15.6,20,1000,639.99
DELL,16,32,1000,899.99
MSI,15.66,32,1000,1599
MSI,15.6,32,1000,1699
ROKC,14,8,1000,589.99
Dell,15.6,12,512,890.37
Dell,15.6,12,256,852.99
Dell,14,8,128,765.75
Dell,15.6,32,512,773.99
Dell,15.6,16,512,1710.99
Dell,13.4,32,512,1720.95
Dell,16,8,512,888.99
ROKC,15.6,20,1152,389.99
HP,14,16,64,389.99
HP,15.6,16,1000,459.99
HP,15.6,8,512,479.99
Dell,15.6,32,1000,992.1
Dell,15.6,64,1000,1086.71
Dell,15.6,8,2000,618.15
Dell,15.6,32,1000,1702.99
HP,15.6,32,1000,959
Dell,15.6,8,128,1529.99
Dell,15.6,16,1000,936.93
HP,15.6,64,1000,999.99
ROKC,15.6,20,1000,639.99
DELL,16,32,1000,899.99
MSI,15.66,32,1000,1599
MSI,15.6,32,1000,1699
ROKC,14,8,1000,589.99
Lenovo,13.3,16,2000,1079
Dell,15.6,32,2000,735.59
Dell,15.6,32,512,1764.99
Dell,14,16,512,1179.99
Dell,15.6,64,500,721.83
Dell,15.6,32,512,641.86
ROKC,15.6,20,1152,389.99
HP,14,16,64,389.99
HP,15.6,16,1000,459.99
Dell,14,64,2000,1209.99
Dell,15.6,32,2000,796.78
Dell,13.3,16,512,900.89
Dell,13.3,32,512,1621.99
Dell,15.6,32,512,780.99
HP,15.6,64,1000,999.99
ROKC,15.6,20,1000,639.99
DELL,16,32,1000,899.99
MSI,15.66,32,1000,1599
MSI,15.6,32,1000,1699
ROKC,14,8,1000,589.99
Dell,15.6,16,512,1620.99
Dell,15.6,8,256,594.99
Dell,15.6,16,1000,790.99
Dell,14,32,256,1015.99
Dell,14,16,1000,2104.92
Dell,14,4,128,777.02
MSI,15.66,32,1000,1599
MSI,15.6,32,1000,1699
ROKC,14,8,1000,589.99
Dell,15.6,32,1000,683.99
Dell,15.6,16,1000,703.99
Dell,15.6,16,256,1077.99
Dell,14,16,512,1327.99
Dell,14,32,512,1058.99
Dell,15.6,16,1000,1679.99
Dell,13.3,16,512,1194.99
Dell,14,16,512,1621.99
ROKC,15.6,20,1152,389.99
HP,14,16,64,389.99
HP,15.6,16,1000,459.99
Dell,15.6,16,2000,999.99
Dell,15.6,8,512,1102.99
Dell,13.3,16,512,934.67
Dell,15.6,16,2000,754.99
MSI,15.66,32,1000,1599
MSI,15.6,32,1000,1699
ROKC,14,8,1000,589.99
Dell,14,32,512,1314.99
HP,15.6,32,1000,809
Dell,15.6,16,1000,776.99
Dell,14,16,1000,2103.99
Dell,14,16,256,1316.99
Lenovo,14,16,2000,1229
Lenovo,13.3,16,512,799.99
Dell,16,16,512,1161.11
ROKC,15.6,20,1152,389.99
MSI,15.66,32,1000,1599
MSI,15.6,32,1000,1699
ROKC,14,8,1000,589.99
Dell,15.6,16,256,822.99
HP,15.6,16,1000,729
Dell,15.6,16,512,981.99
Dell,15.6,64,512,1799.09
Dell,15.6,64,256,689.33
Dell,14,64,1000,1265.99
ROKC,15.6,20,1152,389.99
HP,14,16,64,389.99
HP,15.6,16,1000,459.99
Dell,15.6,32,1000,731.83
Dell,15.6,8,1000,936.93
Dell,14,16,256,1130.99
Dell,15.6,32,1000,1046.99
Dell,15.6,16,512,1173.01
Dell,16,16,512,1210.99
Dell,15.6,12,256,853.82
HP,15.6,64,1000,999.99
ROKC,15.6,20,1000,639.99
DELL,16,32,1000,899.99
MSI,15.66,32,1000,1599
MSI,15.6,32,1000,1699
ROKC,14,8,1000,589.99
Dell,15.6,8,256,861.48
Dell,15.6,16,2000,989.85
Dell,14,32,1000,1275.99
Dell,15.6,64,2000,1132.87
Dell,13.3,16,256,821.99
Dell,15.6,32,1000,1259
Dell,16,16,1000,1310.99
ROKC,15.6,20,1152,389.99
HP,14,16,64,389.99
HP,15.6,16,1000,459.99
Dell,15.6,16,512,943.69
Dell,15.6,16,1000,967.99
MSI,15.6,48,2000,1589
Dell,15.6,8,1000,931.3
Acer,15.6,32,1000,1559
MSI,17.3,64,1000,1849
Dell,15.6,32,1000,1909.99
Dell,14,4,128,968.99
HP,15.6,64,1000,999.99
MSI,15.66,32,1000,1599
MSI,15.6,32,1000,1699
ROKC,14,8,1000,589.99
Lenovo,13.3,16,512,949
Lenovo,16,16,512,1199.99
Dell,13.4,16,1000,1494.62
Dell,15.6,16,512,1715.99
Dell,15.6,64,1000,1830.99
Dell,15.6,32,2000,743.09
ROKC,15.6,20,1152,389.99
HP,14,16,64,389.99
HP,15.6,64,1000,999.99
Dell,14,16,512,807.99
Dell,15.6,16,1000,1661.99
Dell,15.6,16,1000,703.99
Dell,15.6,4,256,691.99
Dell,15.6,16,256,864.99
Dell,13.4,32,512,1495.99
Dell,15.6,32,2000,1032.65
Dell,13.3,16,256,899.99
Dell,14,8,1000,840.99
HP,15.6,16,1000,459.99
DELL,16,32,1000,899.99
ROKC,15.6,20,1000,639.99
MSI,15.66,32,1000,1599
MSI,15.6,32,1000,1699
ROKC,14,8,1000,589.99
MSI,15.66,32,1000,1599
MSI,15.6,32,1000,1699
ROKC,14,8,1000,589.99
Dell,15.6,64,2000,1469
Dell,14,16,512,1552.3
Dell,15.6,32,512,953.82
Dell,15.6,64,512,776.54
Dell,15.6,16,512,1666.65
Dell,15.6,16,2000,767.11
ROKC,15.6,20,1152,389.99
HP,14,16,64,389.99
HP,15.6,16,1000,459.99
Dell,15.6,8,1000,690.58
Dell,15.6,16,1000,619.99
Dell,14,16,2000,886.99
Dell,15.6,32,512,699.99
Dell,14,16,1000,1267.99
Dell,15.6,4,128,608.33
Dell,14,16,256,708.99
Dell,14,16,1000,1424.99
HP,15.6,64,1000,999.99
ROKC,15.6,20,1000,639.99
DELL,16,32,1000,899.99
MSI,15.66,32,1000,1599
MSI,15.6,32,1000,1699
ROKC,14,8,1000,589.99
Dell,15.6,8,500,599.44
Dell,14,16,1000,1155.99
Dell,15.6,32,512,953.82
MSI,15.66,32,1000,1599
MSI,15.6,32,1000,1699
ROKC,14,8,1000,589.99
Dell,14,4,128,1078.99
Dell,15,16,512,1046.99
Dell,13.3,16,256,683.99
Dell,14,32,512,1125.99
Dell,14,16,2000,1328.99
Dell,15.6,16,2000,714.99
MSI,15.66,32,1000,1599
MSI,15.6,32,1000,1699
ROKC,14,8,1000,589.99
Dell,15.6,16,512,2126.99
Dell,15.6,32,512,953.82
Dell,15.6,8,512,1584.99
Dell,15.6,8,512,921.99
Dell,15.6,16,256,719.99
Dell,15.6,64,2000,821.99
Dell,15.6,16,512,660.99
Dell,16,32,512,1989.85
ROKC,15.6,20,1152,389.99
HP,14,16,64,389.99
HP,15.6,16,1000,459.99
Dell,15.6,32,2000,1761.99
Dell,14,16,2000,1283.99
Dell,15.6,32,2000,877.99
Dell,14,32,512,1231.99
Dell,15.6,8,512,647.99
DELL,16,16,2000,1479
Dell,14,16,1000,1305.17
Dell,16,12,256,739.99
Dell,15.6,32,512,953.82
HP,15.6,64,1000,999.99
DELL,16,32,1000,899.99
ROKC,15.6,20,1000,639.99
MSI,15.66,32,1000,1599
MSI,15.6,32,1000,1699
ROKC,14,8,1000,589.99
Dell,13.3,16,256,821.99
Dell,14,32,1000,2033.26
ASUS,17.3,24,1000,1139
Dell,14,16,1000,1305.17
Dell,15.6,16,1000,1409.99
ROKC,15.6,20,1152,389.99
HP,14,16,64,389.99
HP,15.6,16,1000,459.99
Dell,14,4,128,2211.99
Dell,15.6,64,512,1059.67
Dell,15.6,16,512,942.99
Dell,14,4,128,777.02
Dell,14,16,256,1014.99
Dell,14,32,256,1015.99
Dell,15.6,32,512,953.82
Dell,15.6,16,2000,635.67
Dell,15.6,8,256,1077.99
HP,15.6,64,1000,999.99
DELL,16,32,1000,899.99
ROKC,15.6,20,1000,639.99
MSI,15.66,32,1000,1599
MSI,15.6,32,1000,1699
ROKC,14,8,1000,589.99
Dell,15.6,16,256,586.96
Dell,14,16,256,1056.99
HP,15.6,48,2000,839
HP,15.6,48,2000,1239
Dell,15.6,32,2000,1865.99
Dell,15.6,16,256,1660.99
Dell,15.6,64,1000,2216.99
ROKC,15.6,20,1152,389.99
HP,14,16,64,389.99
HP,15.6,16,1000,459.99
Dell,15.6,8,256,2007.99
Dell,16,16,1000,1043.99
Dell,15.6,8,128,558.99
Dell,14,16,256,788.28
Dell,15.6,16,1000,809.99
Dell,15.6,16,1000,953.82
Dell,15.6,32,500,645.99
Dell,14,16,512,801.99
Dell,14,12,256,602.47
Dell,15.6,8,2000,693.99
HP,15.6,64,1000,999.99
DELL,16,32,1000,899.99
ROKC,15.6,20,1000,639.99
MSI,15.66,32,1000,1599
MSI,15.6,32,1000,1699
ROKC,14,8,1000,589.99
Dell,15.6,8,512,599.99
Dell,15.6,16,512,1667.99
Dell,14,8,512,807.99
Dell,14,8,256,765.75
MSI,15.6,64,2000,1029.99
Dell,15.6,32,256,2102.99
Dell,15.6,16,128,1690.99
Dell,15.6,16,256,713.99
Dell,16,12,256,739.99
Dell,15.6,32,2000,877.99
ROKC,15.6,20,1152,389.99
HP,14,16,64,389.99
HP,15.6,16,1000,459.99
Dell,15.6,8,1000,931.3
Dell,15.6,12,512,732.99
Dell,15.6,8,128,691.99
Dell,15.6,16,1000,1626.99
Dell,13.3,8,256,739.99
Lenovo,15.6,16,2000,1279
Dell,16,32,512,1989.85
Dell,15.6,16,256,864.99
HP,15.6,64,1000,999.99
DELL,16,32,1000,899.99
ROKC,15.6,20,1000,639.99
MSI,15.66,32,1000,1599
MSI,15.6,32,1000,1699
ROKC,14,8,1000,589.99
MSI,17.3,16,1000,1999
Dell,15.6,16,256,439.99
Dell,14,16,1000,1528.99
Dell,15.6,8,500,604.99
Lenovo,16,16,1000,1309
acer,15.6,8,512,709
Dell,14,64,1000,1158.77
Dell,15.6,4,256,844.58
Dell,15.6,16,1000,1366.99
Dell,13.3,16,256,899.99
ROKC,15.6,20,1152,389.99
HP,14,16,64,389.99
HP,15.6,16,1000,459.99
Dell,15.6,16,256,1683.99
Dell,14,16,256,764.99
Dell,15.6,32,1000,992.1
Dell,15.6,32,2000,742.99
Dell,15.6,16,1000,1764.99
HP,15.6,16,512,899
HP,15.6,64,1000,999.99
DELL,16,32,1000,899.99
ROKC,15.6,20,1000,639.99
MSI,15.66,32,1000,1599
MSI,15.6,32,1000,1699
ROKC,14,8,1000,589.99
Dell,16,40,2000,1365.99
Dell,16,16,1000,1084.99
Dell,14,8,256,813.99
Dell,13.3,16,512,807.99
Dell,15.6,16,1000,1757.99
Dell,14,16,256,1046.99
ROKC,15.6,20,1152,389.99
HP,14,16,64,389.99
HP,15.6,16,1000,459.99
MSI,15.6,48,2000,1689
Dell,15.6,32,512,773.99
Dell,16,16,1000,1207.99
Dell,14,16,256,1212.99
Dell,13.3,16,512,1311.99
Dell,14,16,2000,880.99
Dell,14,4,128,764.99
HP,15.6,64,1000,999.99
DELL,16,32,1000,899.99
ROKC,15.6,20,1000,639.99
MSI,15.66,32,1000,1599
MSI,15.6,32,1000,1699
ROKC,14,8,1000,589.99
Dell,15.6,16,512,921.16
Dell,15.6,16,512,802.99
Dell,14,16,512,801.99
Dell,14,32,1000,1267.99
Dell,15.6,16,256,1783.99
Dell,13.3,16,512,844.58
ASUS,15.6,16,1000,1179
Dell,15.6,64,1000,809.99
Dell,15.6,16,128,633.99
Dell,16,16,512,1043.99
ROKC,15.6,20,1152,389.99
HP,14,16,64,389.99
HP,15.6,16,1000,459.99
Lenovo,16,16,1000,1839
Dell,14,16,256,764.99
Dell,14,8,256,1733.99
Dell,14,32,512,1708.99
ASUS,17.3,16,1000,1049
Lenovo,15.6,12,1000,589
Dell,13.4,32,512,1720.95
DELL,15.6,24,2000,1269
HP,15.6,64,1000,999.99
MSI,15.66,32,1000,1599
MSI,15.6,32,1000,1699
ROKC,14,8,1000,589.99
Dell,15.6,16,256,1576.99
Dell,15.6,16,256,1929.99
Dell,14,8,512,1204.99
Dell,14,16,256,1008.94
ROKC,15.6,20,1152,389.99
HP,14,16,64,389.99
HP,15.6,16,1000,459.99
Dell,15.6,16,2000,1816.99
Dell,15.6,32,512,640.99
Dell,14,16,512,1023.99
Dell,13.3,8,256,730.99
Dell,14,32,1000,1493.99
Dell,15.6,32,512,1667.99
Dell,15.6,32,256,672.99
HP,15.6,64,1000,999.99
DELL,16,32,1000,899.99
ROKC,15.6,20,1000,639.99
MSI,15.66,32,1000,1599
MSI,15.6,32,1000,1699
ROKC,14,8,1000,589.99
Dell,14,16,256,1431.99
Acer,15.6,64,2000,1819
Dell,15.6,8,1000,2142.99
ASUS,15.6,32,1000,1279
ROKC,15.6,20,1152,389.99
HP,14,16,64,389.99
HP,15.6,16,1000,459.99
Dell,16,16,1000,1249.99
Dell,14,16,512,1023.99
Dell,15.6,32,1000,1143.99
Dell,14,16,512,807.99
Dell,14,32,512,1139.99
Dell,14,16,512,740.99
HP,15.6,64,1000,999.99
DELL,16,32,1000,899.99
ROKC,15.6,20,1000,639.99
MSI,15.66,32,1000,1599
MSI,15.6,32,1000,1699
ROKC,14,8,1000,589.99
Dell,14,32,512,1314.99
Dell,15.6,16,512,1334.99
Dell,13,16,512,1284.99
Dell,13.3,32,1000,1724.99
Dell,14,16,256,1357.99
Dell,16,16,1000,1084.99
ROKC,15.6,20,1152,389.99
HP,14,16,64,389.99
HP,15.6,16,1000,459.99
DELL,16,48,2000,2219.99
Dell,16,16,1000,1084.99
Dell,14,32,256,954.94
HP,15.6,24,2000,989
Dell,15.6,16,500,618.99
Dell,14,64,512,1313.99
Dell,14,4,128,960.99
Dell,14,16,256,1309.99
Dell,14,16,512,1422.99
Dell,15.6,32,512,1091.99
HP,15.6,64,1000,999.99
DELL,16,32,1000,899.99
ROKC,15.6,20,1000,639.99
MSI,15.66,32,1000,1599
MSI,15.6,32,1000,1699
ROKC,14,8,1000,589.99
Dell,13,8,512,1253.99
Dell,15.6,48,2000,1819
Dell,13.3,16,256,1076.22
Dell,15.6,16,2000,989.85
Dell,15.6,32,512,1781.99
Dell,13.3,16,256,1341.99
Dell,15.6,32,1000,1883.99
Dell,17.3,8,512,1282.99
acer,15.6,32,1000,1559
ROKC,15.6,20,1152,389.99
HP,14,16,64,389.99
HP,15.6,16,1000,459.99
Dell,14,16,1000,1305.17
Dell,15.6,16,1000,1409.99
Dell,14,32,1000,1395.99
Dell,14,16,512,1229.99
Dell,15.6,64,2000,1138.5
Dell,15.6,16,2000,1768.99
HP,15.6,64,1000,999.99
DELL,16,32,1000,899.99
ROKC,15.6,20,1000,639.99
MSI,15.66,32,1000,1599
MSI,15.6,32,1000,1699
ROKC,14,8,1000,589.99
Dell,13.4,32,1000,1355.84
Dell,13.4,16,1000,1502.99
Dell,14,16,256,1455.99
Dell,13.3,32,1000,1614.99
ASUS,15.6,12,1000,1159
ROKC,15.6,20,1152,389.99
HP,14,16,64,389.99
HP,15.6,16,1000,459.99
HP,15.6,24,512,989
Acer,17.3,8,512,679
HP,17.3,16,512,1299
Acer,15.6,40,2000,1139
HP,15.6,64,1000,999.99
DELL,16,32,1000,899.99
ROKC,15.6,20,1000,639.99
MSI,15.66,32,1000,1599
MSI,15.6,32,1000,1699
ROKC,14,8,1000,589.99
HP,15.6,32,2000,1419
HP,15.6,32,2000,1599
HP,15.6,32,1000,1239
HP,15.6,48,1000,1379
HP,15.6,32,1000,1059
HP,14,16,256,322.75
Luqeeg,15.07458908761577,8,1000,224.96
ROKC,15.6,20,1152,389.99
HP,14,16,64,389.99
HP,15.6,16,1000,459.99
Lenovo,15.07458908761577,16,1000,1594.95
Dell,15.6,64,2000,2155.99
Dell,15.6,32,1000,1000.99
Dell,15.6,16,512,2219.99
Dell,15.6,32,2000,734.99
Dell,15.6,8,1000,2142.99
Dell,15.6,32,256,2085.99
Dell,13.4,32,512,1730.99
Dell,15.6,24,1000,1599
HP,15.6,64,1000,999.99
DELL,16,32,1000,899.99
ROKC,15.6,20,1000,639.99
MSI,15.66,32,1000,1599
MSI,15.6,32,1000,1699
ROKC,14,8,1000,589.99
Dell,13.3,16,256,991.99
Dell,15.6,32,512,1382.99
HP,15.6,32,1000,1349
Dell,13.4,32,1000,1725.99
ROKC,15.6,20,1152,389.99
HP,14,16,64,389.99
HP,15.6,16,1000,459.99
Acer,15.6,32,1000,1199
LG,16,16,2000,1709
HP,15.6,64,1000,999.99
DELL,16,32,1000,899.99
ROKC,15.6,20,1000,639.99
MSI,15.66,32,1000,1599
MSI,15.6,32,1000,1699
ROKC,14,8,1000,589.99
SAMSUNG,13.3,16,256,1449.99
Lenovo,15.6,16,2000,2169.99
Acer,17.3,12,512,799
HP,17.3,32,1000,1389
ROKC,15.6,20,1152,389.99
HP,14,16,64,389.99
HP,15.6,16,1000,459.99
LG,14,8,1000,1067.47
HP,16.1,48,2000,1829
MSI,15.66,32,1000,1599
MSI,15.6,32,1000,1699
ROKC,14,8,1000,589.99
Lenovo,14,24,1000,899
HP,17.3,12,2000,1529
LG,16,16,2000,1529
HP,14,32,1000,1260.75
Dell,14,16,1000,1299
ROKC,15.6,20,1152,389.99
HP,14,16,64,389.99
HP,15.6,16,1000,459.99
Luqeeg,15.6,16,1000,534.87
Dell,13.4,16,1000,1493.99
HP,14,24,1000,669
Dell,15.6,16,512,1462.99
HP,15.6,16,512,909.99
HP,15.6,64,1000,999.99
DELL,16,32,1000,899.99
ROKC,15.6,20,1000,639.99
MSI,15.66,32,1000,1599
MSI,15.6,32,1000,1699
ROKC,14,8,1000,589.99
Dell,15.6,4,256,1563.99
Dell,14,64,2000,1001.11
Dell,15.6,16,1000,1681.99
Dell,15.6,32,256,1028.99
ROKC,15.6,20,1152,389.99
HP,14,16,64,389.99
HP,15.6,16,1000,459.99
MSI,17.3,32,1000,1844.1
MSI,15.07458908761577,16,1000,1199
Lenovo,16,16,1000,1643.63
HP,16.1,24,2000,1409
MSI,15.07458908761577,32,1000,1399
Dell,15.6,16,1000,1071.99
HP,15.6,64,1000,999.99
DELL,16,32,1000,899.99
ROKC,15.6,20,1000,639.99
MSI,15.66,32,1000,1599
MSI,15.6,32,1000,1699
ROKC,14,8,1000,589.99
acer,15.07458908761577,4,1000,434.96
Dell,15.6,16,512,1068.99
HP,14,8,512,729
Dell,16,16,512,708.99
ROKC,15.6,20,1152,389.99
HP,14,16,64,389.99
HP,15.6,16,1000,459.99
Dell,15.6,12,128,556.99
Dell,13.3,16,256,1197.99
Dell,14,16,1000,834.99
Dell,15,16,512,1046.99
Dell,15,8,128,1021.99
Dell,14,32,1000,1327.99
Lenovo,15.6,12,2000,1229
Dell,14,8,256,1161.99
Dell,15.6,32,512,1513.99
MSI,15.66,32,1000,1599
MSI,15.6,32,1000,1699
ROKC,14,8,1000,589.99
Acer,15.6,8,2000,1039
ROKC,15.6,20,1152,389.99
MSI,15.66,32,1000,1599
MSI,15.6,32,1000,1699
ROKC,14,8,1000,589.99
Dell,13.4,32,512,1537.99
Dell,15.6,32,2000,802.99
Dell,16,32,1000,1680.99
Dell,13.4,32,512,1495.99
acer,15.07458908761577,16,1000,696.34
Dell,15.6,8,256,607.99
Dell,16,64,1000,2032.65
Dell,15.6,8,256,637.99
Dell,14,16,256,1444.99
Dell,13.4,32,2000,1889.99
MSI,15.66,32,1000,1599
MSI,15.6,32,1000,1699
ROKC,14,8,1000,589.99
Dell,15.6,16,512,1565.99
Dell,16,8,256,415.99
Lenovo,15.6,48,1000,1899
Lenovo,14,8,2000,999
ROKC,15.6,20,1152,389.99
HP,14,16,64,389.99
HP,15.6,16,1000,459.99
Dell,15.6,16,1000,1693.99
Dell,15.6,16,2000,1714.99
Dell,15.6,32,1000,1079.99
MSI,15.66,32,1000,1599
MSI,15.6,32,1000,1699
ROKC,14,8,1000,589.99
HP,15.6,8,2000,1209
Dell,16,16,256,1927.99
HP,14,4,64,299
Lenovo,15.6,8,1000,819
acer,15.6,24,2000,1629
Lenovo,15.07458908761577,16,1000,959
ROKC,15.6,20,1152,389.99
HP,14,16,64,389.99
HP,15.6,16,1000,459.99
Dell,13.4,16,1000,1517.99
Dell,15.6,16,1000,1655.99
Dell,15.6,4,512,597.99
Dell,13.3,16,256,900.89
HP,15.6,64,1000,999.99
DELL,16,32,1000,899.99
ROKC,15.6,20,1000,639.99
MSI,15.66,32,1000,1599
MSI,15.6,32,1000,1699
ROKC,14,8,1000,589.99
Dell,15.6,32,1000,951.99
Dell,16,64,1000,2100.22
Dell,14,16,1000,1528.99
ROKC,15.6,20,1152,389.99
HP,14,16,64,389.99
HP,15.6,16,1000,459.99
Dell,14,32,2000,1058.99
MSI,15.66,32,1000,1599
MSI,15.6,32,1000,1699
MSI,15.66,32,1000,1599
MSI,15.6,32,1000,1699
ROKC,14,8,1000,589.99
Dell,15.6,8,512,591.99
Dell,14,8,512,1771.99
Dell,14,16,256,938.99
